state,ageGroup,raceEthnicity,gender,education,smokingStatus,alcoholPerWeek,anyPhysicalActivity,n
OH,1,3,1,1,0,0,0,13719
OH,1,3,1,1,0,0,1,212301
OH,1,3,2,1,0,0,0,18471
OH,1,3,2,1,0,0,1,197056
OH,1,4,1,1,0,0,0,7010
OH,1,4,1,1,0,0,1,66468
OH,1,4,2,1,0,0,0,13818
OH,1,4,2,1,0,0,1,56253
OH,1,2,1,1,0,0,0,2460
OH,1,2,1,1,0,0,1,33764
OH,1,2,2,1,0,0,0,13315
OH,1,2,2,1,0,0,1,21216
OH,1,5,1,1,0,0,0,2008
OH,1,5,1,1,0,0,1,14808
OH,1,5,2,1,0,0,0,1073
OH,1,5,2,1,0,0,1,14962
OH,2,3,1,1,0,0,0,7664
OH,2,3,1,1,0,0,1,229602
OH,2,3,2,1,0,0,0,10792
OH,2,3,2,1,0,0,1,215465
OH,2,4,1,1,0,0,0,14713
OH,2,4,1,1,0,0,1,57164
OH,2,4,2,1,0,0,1,68898
OH,2,2,1,1,0,0,1,34126
OH,2,2,2,1,0,0,0,20339
OH,2,2,2,1,0,0,1,12012
OH,2,5,1,1,0,0,0,1320
OH,2,5,1,1,0,0,1,15135
OH,2,5,2,1,0,0,1,16053
OH,3,3,1,1,0,0,0,20406
OH,3,3,1,1,0,0,1,227237
OH,3,3,2,1,0,0,0,12401
OH,3,3,2,1,0,0,1,223808
OH,3,4,1,1,0,0,0,3950
OH,3,4,1,1,0,0,1,65959
OH,3,4,2,1,0,0,0,21383
OH,3,4,2,1,0,0,1,46114
OH,3,2,1,1,0,0,1,32187
OH,3,2,2,1,0,0,0,4371
OH,3,2,2,1,0,0,1,25981
OH,3,5,1,1,0,0,1,15868
OH,3,5,2,1,0,0,0,473
OH,3,5,2,1,0,0,1,15257
OH,4,3,1,1,0,0,0,17637
OH,4,3,1,1,0,0,1,236495
OH,4,3,2,1,0,0,0,49588
OH,4,3,2,1,0,0,1,196504
OH,4,4,1,1,0,0,0,3184
OH,4,4,1,1,0,0,1,63994
OH,4,4,2,1,0,0,0,4561
OH,4,4,2,1,0,0,1,58268
OH,4,2,1,1,0,0,0,6058
OH,4,2,1,1,0,0,1,24124
OH,4,2,2,1,0,0,0,5666
OH,4,2,2,1,0,0,1,22763
OH,4,5,1,1,0,0,0,4525
OH,4,5,1,1,0,0,1,10949
OH,4,5,2,1,0,0,0,3179
OH,4,5,2,1,0,0,1,12016
OH,5,3,1,1,0,0,1,1035
OH,5,3,1,2,0,0,0,1035
OH,5,3,1,2,0,0,1,4463
OH,5,3,1,2,0,1,1,5314
OH,5,3,1,3,0,0,0,4095
OH,5,3,1,3,0,0,1,30020
OH,5,3,1,3,0,1,0,989
OH,5,3,1,3,0,1,1,41567
OH,5,3,1,3,0,2,0,1288
OH,5,3,1,3,0,2,1,5981
OH,5,3,1,3,0,3,1,621
OH,5,3,1,3,1,0,1,1817
OH,5,3,1,3,1,1,0,621
OH,5,3,1,3,1,1,1,2185
OH,5,3,1,3,1,3,0,1472
OH,5,3,1,3,1,3,1,2070
OH,5,3,1,3,2,1,0,4164
OH,5,3,1,3,2,1,1,4900
OH,5,3,1,3,2,3,0,2116
OH,5,3,1,4,0,0,0,5567
OH,5,3,1,4,0,0,1,22843
OH,5,3,1,4,0,1,0,4532
OH,5,3,1,4,0,1,1,28524
OH,5,3,1,4,0,2,1,10490
OH,5,3,1,4,0,3,1,1196
OH,5,3,1,4,1,3,1,1357
OH,5,3,1,4,2,0,1,1978
OH,5,3,1,4,2,1,1,1978
OH,5,3,1,4,2,3,1,437
OH,5,3,1,5,0,0,0,1058
OH,5,3,1,5,0,0,1,6096
OH,5,3,1,5,0,1,0,1035
OH,5,3,1,5,0,1,1,17667
OH,5,3,1,5,0,2,1,5981
OH,5,3,1,5,0,3,1,713
OH,5,3,1,5,1,0,0,690
OH,5,3,1,5,1,1,1,1886
OH,5,3,1,5,1,3,1,230
OH,5,3,2,2,0,0,1,6674
OH,5,3,2,2,1,0,1,1407
OH,5,3,2,2,2,0,1,1407
OH,5,3,2,3,0,0,0,2996
OH,5,3,2,3,0,0,1,37863
OH,5,3,2,3,0,1,0,6696
OH,5,3,2,3,0,1,1,12871
OH,5,3,2,3,0,2,1,1861
OH,5,3,2,3,0,3,1,885
OH,5,3,2,3,1,0,0,3087
OH,5,3,2,3,1,0,1,4290
OH,5,3,2,3,2,0,0,2066
OH,5,3,2,3,2,0,1,1044
OH,5,3,2,3,2,1,1,3677
OH,5,3,2,3,2,2,1,1294
OH,5,3,2,4,0,0,0,840
OH,5,3,2,4,0,0,1,32665
OH,5,3,2,4,0,1,0,3155
OH,5,3,2,4,0,1,1,32006
OH,5,3,2,4,0,2,1,6901
OH,5,3,2,4,0,3,1,3382
OH,5,3,2,4,1,1,1,3927
OH,5,3,2,4,2,0,1,2792
OH,5,3,2,4,2,1,1,931
OH,5,3,2,5,0,0,0,1975
OH,5,3,2,5,0,0,1,4812
OH,5,3,2,5,0,1,0,2202
OH,5,3,2,5,0,1,1,41063
OH,5,3,2,5,0,2,1,1929
OH,5,3,2,5,1,1,1,318
OH,5,4,1,3,0,0,1,16248
OH,5,4,1,3,0,1,0,11805
OH,5,4,1,3,0,1,1,7154
OH,5,4,1,4,0,0,1,11347
OH,5,4,1,4,0,1,1,4798
OH,5,4,1,5,0,0,1,6226
OH,5,4,1,5,0,1,1,3461
OH,5,4,2,3,0,0,0,1688
OH,5,4,2,3,0,0,1,9027
OH,5,4,2,3,0,1,0,3072
OH,5,4,2,4,0,0,1,14591
OH,5,4,2,4,0,1,1,14356
OH,5,4,2,4,0,3,1,5995
OH,5,4,2,5,0,0,0,3767
OH,5,4,2,5,0,0,1,2452
OH,5,4,2,5,0,1,1,2475
OH,5,2,1,1,0,0,1,3556
OH,5,2,1,1,2,0,1,4090
OH,5,2,1,3,0,0,0,3169
OH,5,2,1,3,0,0,1,4770
OH,5,2,1,3,0,1,0,2145
OH,5,2,1,3,0,1,1,3261
OH,5,2,1,4,0,0,1,669
OH,5,2,1,4,0,1,1,5428
OH,5,2,2,2,0,0,1,4500
OH,5,2,2,3,0,0,0,2675
OH,5,2,2,3,0,0,1,2950
OH,5,2,2,3,0,1,1,8967
OH,5,2,2,4,0,1,0,766
OH,5,2,2,4,0,3,1,2770
OH,5,2,2,5,0,0,1,2094
OH,5,2,2,5,0,2,1,907
OH,5,5,1,3,0,0,1,3821
OH,5,5,1,3,0,1,0,1274
OH,5,5,1,3,0,1,1,3557
OH,5,5,1,3,2,0,1,748
OH,5,5,1,4,0,0,0,202
OH,5,5,1,4,0,1,1,1633
OH,5,5,1,5,0,0,0,1150
OH,5,5,1,5,0,0,1,526
OH,5,5,1,5,0,1,0,503
OH,5,5,1,5,0,1,1,1836
OH,5,5,1,5,0,2,1,269
OH,5,5,1,5,2,1,1,503
OH,5,5,2,3,0,0,1,4971
OH,5,5,2,3,0,1,1,1264
OH,5,5,2,3,0,2,0,2094
OH,5,5,2,3,2,1,1,1249
OH,5,5,2,4,0,0,1,1704
OH,5,5,2,4,0,1,1,2187
OH,5,5,2,5,0,1,1,2965
OH,6,3,1,2,0,0,1,5707
OH,6,3,1,2,0,1,1,744
OH,6,3,1,2,0,3,1,1092
OH,6,3,1,3,0,0,1,17294
OH,6,3,1,3,0,1,0,3151
OH,6,3,1,3,0,1,1,22951
OH,6,3,1,3,0,2,0,1117
OH,6,3,1,3,0,2,1,4044
OH,6,3,1,3,0,3,1,5210
OH,6,3,1,3,1,0,1,4392
OH,6,3,1,3,1,1,1,4317
OH,6,3,1,3,1,2,1,1662
OH,6,3,1,3,2,0,1,4764
OH,6,3,1,3,2,1,1,2357
OH,6,3,1,3,2,3,0,422
OH,6,3,1,3,2,3,1,5434
OH,6,3,1,4,0,0,0,1141
OH,6,3,1,4,0,0,1,7220
OH,6,3,1,4,0,1,0,2084
OH,6,3,1,4,0,1,1,32801
OH,6,3,1,4,0,2,1,7220
OH,6,3,1,4,0,3,0,3945
OH,6,3,1,4,0,3,1,4714
OH,6,3,1,4,1,0,0,1191
OH,6,3,1,4,1,0,1,3771
OH,6,3,1,4,1,1,1,10595
OH,6,3,1,4,1,2,1,2605
OH,6,3,1,4,2,0,1,3623
OH,6,3,1,4,2,2,1,447
OH,6,3,1,5,0,0,0,1514
OH,6,3,1,5,0,0,1,9032
OH,6,3,1,5,0,1,0,4789
OH,6,3,1,5,0,1,1,37764
OH,6,3,1,5,0,2,1,11339
OH,6,3,1,5,0,3,0,447
OH,6,3,1,5,0,3,1,4987
OH,6,3,1,5,1,0,1,3970
OH,6,3,1,5,1,1,0,2010
OH,6,3,1,5,1,1,1,2233
OH,6,3,1,5,1,2,1,918
OH,6,3,1,5,1,3,1,3052
OH,6,3,2,1,0,0,1,7528
OH,6,3,2,2,0,0,0,9627
OH,6,3,2,2,0,1,1,2630
OH,6,3,2,2,2,0,0,10713
OH,6,3,2,2,2,3,0,1086
OH,6,3,2,3,0,0,0,7986
OH,6,3,2,3,0,0,1,21546
OH,6,3,2,3,0,1,0,2630
OH,6,3,2,3,0,1,1,9144
OH,6,3,2,3,0,3,0,555
OH,6,3,2,3,0,3,1,700
OH,6,3,2,3,1,0,0,3788
OH,6,3,2,3,1,0,1,8517
OH,6,3,2,3,1,1,1,10375
OH,6,3,2,3,2,0,1,2003
OH,6,3,2,3,2,1,0,700
OH,6,3,2,3,2,2,1,1568
OH,6,3,2,4,0,0,1,11895
OH,6,3,2,4,0,1,0,531
OH,6,3,2,4,0,1,1,16383
OH,6,3,2,4,1,0,0,5163
OH,6,3,2,4,1,0,1,10496
OH,6,3,2,4,1,1,1,5791
OH,6,3,2,4,2,1,1,1930
OH,6,3,2,5,0,0,0,5960
OH,6,3,2,5,0,0,1,17951
OH,6,3,2,5,0,1,1,49993
OH,6,3,2,5,0,2,1,4246
OH,6,3,2,5,0,3,1,3281
OH,6,3,2,5,1,1,1,6201
OH,6,3,2,5,2,1,1,338
OH,6,4,1,2,0,1,1,13358
OH,6,4,1,3,2,3,1,6703
OH,6,4,1,4,0,0,1,20360
OH,6,4,1,4,0,1,1,6486
OH,6,4,1,4,2,2,1,10363
OH,6,4,1,5,0,0,1,713
OH,6,4,1,5,0,1,0,2160
OH,6,4,1,5,0,1,1,1216
OH,6,4,1,5,0,2,1,1779
OH,6,4,1,5,0,3,1,4774
OH,6,4,2,3,0,0,0,6352
OH,6,4,2,3,0,0,1,7298
OH,6,4,2,4,0,0,1,12569
OH,6,4,2,4,2,1,0,6140
OH,6,4,2,5,0,0,1,13921
OH,6,4,2,5,0,1,1,14963
OH,6,4,2,5,0,2,0,3121
OH,6,2,1,2,0,0,1,5145
OH,6,2,1,3,0,0,1,3308
OH,6,2,1,3,0,1,0,1805
OH,6,2,1,3,0,1,1,2667
OH,6,2,1,3,1,0,0,3122
OH,6,2,1,3,1,1,1,329
OH,6,2,1,3,2,0,1,1717
OH,6,2,1,3,2,1,1,996
OH,6,2,1,4,0,1,1,4192
OH,6,2,1,4,1,0,1,1662
OH,6,2,1,4,1,1,1,592
OH,6,2,1,4,1,2,1,1751
OH,6,2,1,5,1,1,1,1330
OH,6,2,2,2,0,1,0,5551
OH,6,2,2,2,2,1,1,1989
OH,6,2,2,3,0,0,0,6064
OH,6,2,2,3,1,0,0,807
OH,6,2,2,3,1,1,1,1853
OH,6,2,2,4,0,0,0,2597
OH,6,2,2,4,0,1,1,1431
OH,6,2,2,4,1,0,1,1162
OH,6,2,2,4,1,1,1,3304
OH,6,2,2,4,2,2,1,1431
OH,6,2,2,5,0,0,0,1279
OH,6,2,2,5,0,1,1,269
OH,6,5,1,3,0,1,1,1417
OH,6,5,1,3,1,0,1,1279
OH,6,5,1,3,1,3,1,2575
OH,6,5,1,3,2,3,0,239
OH,6,5,1,4,0,1,1,681
OH,6,5,1,4,1,1,1,2620
OH,6,5,1,5,0,0,1,2525
OH,6,5,1,5,0,1,0,2040
OH,6,5,1,5,0,1,1,3680
OH,6,5,1,5,1,0,1,1806
OH,6,5,1,5,2,1,1,1100
OH,6,5,2,3,1,0,1,2553
OH,6,5,2,3,2,0,1,1489
OH,6,5,2,3,2,1,0,2469
OH,6,5,2,4,1,1,1,3202
OH,6,5,2,5,0,0,1,5012
OH,6,5,2,5,0,1,1,6765
OH,7,3,1,1,0,1,0,1997
OH,7,3,1,1,0,1,1,2575
OH,7,3,1,1,2,0,0,6963
OH,7,3,1,1,2,3,0,4440
OH,7,3,1,2,0,0,1,2102
OH,7,3,1,2,0,2,1,4467
OH,7,3,1,2,2,0,1,1760
OH,7,3,1,2,2,2,1,2943
OH,7,3,1,3,0,0,0,4046
OH,7,3,1,3,0,0,1,368
OH,7,3,1,3,0,1,1,12638
OH,7,3,1,3,0,2,1,2917
OH,7,3,1,3,0,3,1,420
OH,7,3,1,3,1,0,0,604
OH,7,3,1,3,1,0,1,9774
OH,7,3,1,3,1,1,1,8513
OH,7,3,1,3,1,2,1,1839
OH,7,3,1,3,1,3,0,946
OH,7,3,1,3,1,3,1,4835
OH,7,3,1,3,2,0,0,552
OH,7,3,1,3,2,0,1,1892
OH,7,3,1,3,2,1,0,2785
OH,7,3,1,3,2,1,1,3206
OH,7,3,1,3,2,2,1,841
OH,7,3,1,3,2,3,0,3232
OH,7,3,1,3,2,3,1,1971
OH,7,3,1,4,0,0,1,9617
OH,7,3,1,4,0,1,0,946
OH,7,3,1,4,0,1,1,15581
OH,7,3,1,4,0,2,1,946
OH,7,3,1,4,0,3,1,3206
OH,7,3,1,4,1,0,1,867
OH,7,3,1,4,1,1,1,11035
OH,7,3,1,4,1,2,0,6201
OH,7,3,1,4,1,2,1,1971
OH,7,3,1,4,1,3,1,3258
OH,7,3,1,4,2,0,1,3363
OH,7,3,1,4,2,2,1,12743
OH,7,3,1,4,2,3,1,4598
OH,7,3,1,5,0,0,0,2811
OH,7,3,1,5,0,0,1,20100
OH,7,3,1,5,0,1,0,3705
OH,7,3,1,5,0,1,1,33789
OH,7,3,1,5,0,2,1,15213
OH,7,3,1,5,0,3,1,1261
OH,7,3,1,5,1,0,1,3284
OH,7,3,1,5,1,1,1,9538
OH,7,3,1,5,1,2,1,8329
OH,7,3,1,5,1,3,1,525
OH,7,3,1,5,2,1,1,1261
OH,7,3,2,1,0,0,1,2497
OH,7,3,2,2,0,0,0,3758
OH,7,3,2,3,0,0,0,2396
OH,7,3,2,3,0,0,1,14779
OH,7,3,2,3,0,1,1,12534
OH,7,3,2,3,1,0,0,1211
OH,7,3,2,3,1,0,1,6860
OH,7,3,2,3,1,1,0,8373
OH,7,3,2,3,1,1,1,11122
OH,7,3,2,3,1,2,1,1538
OH,7,3,2,3,2,0,0,580
OH,7,3,2,3,2,0,1,883
OH,7,3,2,3,2,1,1,2522
OH,7,3,2,4,0,0,0,832
OH,7,3,2,4,0,0,1,21160
OH,7,3,2,4,0,1,1,27994
OH,7,3,2,4,1,0,0,1715
OH,7,3,2,4,1,0,1,9483
OH,7,3,2,4,1,1,0,1337
OH,7,3,2,4,1,1,1,6456
OH,7,3,2,4,1,3,1,933
OH,7,3,2,4,2,0,0,958
OH,7,3,2,4,2,0,1,454
OH,7,3,2,4,2,1,1,6355
OH,7,3,2,5,0,0,0,1892
OH,7,3,2,5,0,0,1,24161
OH,7,3,2,5,0,1,0,5296
OH,7,3,2,5,0,1,1,48473
OH,7,3,2,5,0,2,1,7314
OH,7,3,2,5,0,3,1,908
OH,7,3,2,5,1,0,0,857
OH,7,3,2,5,1,0,1,1639
OH,7,3,2,5,1,1,0,197
OH,7,3,2,5,1,1,1,9760
OH,7,3,2,5,1,3,1,3127
OH,7,3,2,5,2,1,1,1765
OH,7,4,1,3,0,0,0,4600
OH,7,4,1,3,0,0,1,4600
OH,7,4,1,3,1,1,1,11221
OH,7,4,1,3,2,1,1,727
OH,7,4,1,3,2,2,0,3822
OH,7,4,1,4,0,0,1,6798
OH,7,4,1,4,0,1,0,6482
OH,7,4,1,4,0,1,1,1024
OH,7,4,1,4,1,0,1,6798
OH,7,4,1,5,0,0,1,2515
OH,7,4,1,5,0,1,1,11758
OH,7,4,1,5,1,1,1,2843
OH,7,4,2,2,0,0,1,4836
OH,7,4,2,2,1,1,1,3617
OH,7,4,2,2,2,0,1,9903
OH,7,4,2,3,0,1,1,4554
OH,7,4,2,3,2,0,0,1873
OH,7,4,2,3,2,1,0,1373
OH,7,4,2,4,0,0,1,6451
OH,7,4,2,4,0,2,1,4530
OH,7,4,2,4,1,0,1,3293
OH,7,4,2,4,2,1,1,4006
OH,7,4,2,5,0,0,0,1125
OH,7,4,2,5,0,0,1,3535
OH,7,4,2,5,0,1,0,1231
OH,7,4,2,5,0,1,1,4831
OH,7,4,2,5,1,1,1,3747
OH,7,2,1,3,0,0,0,2512
OH,7,2,1,3,0,1,1,4124
OH,7,2,1,3,1,2,1,3645
OH,7,2,1,3,2,0,1,981
OH,7,2,1,4,0,1,0,3614
OH,7,2,1,5,0,0,1,4230
OH,7,2,1,5,0,1,1,4397
OH,7,2,1,5,2,1,1,2259
OH,7,2,2,2,1,0,1,3059
OH,7,2,2,3,0,0,1,2629
OH,7,2,2,3,0,1,0,917
OH,7,2,2,3,1,1,1,1027
OH,7,2,2,4,0,0,1,1533
OH,7,2,2,4,0,1,1,6099
OH,7,2,2,4,2,0,1,1818
OH,7,2,2,5,0,0,1,2138
OH,7,2,2,5,0,1,1,5352
OH,7,5,1,2,2,3,1,2102
OH,7,5,1,3,0,0,1,4115
OH,7,5,1,3,0,3,1,1990
OH,7,5,1,3,1,0,1,1652
OH,7,5,1,3,2,2,0,594
OH,7,5,1,4,0,0,1,359
OH,7,5,1,4,0,1,1,1631
OH,7,5,1,4,1,0,1,166
OH,7,5,1,5,0,0,0,1250
OH,7,5,1,5,0,0,1,3394
OH,7,5,1,5,0,1,1,3590
OH,7,5,1,5,0,2,1,101
OH,7,5,1,5,1,1,1,568
OH,7,5,2,4,0,0,1,4334
OH,7,5,2,4,0,1,1,962
OH,7,5,2,4,2,1,1,496
OH,7,5,2,5,0,0,1,5066
OH,7,5,2,5,0,1,1,9531
OH,7,5,2,5,0,2,1,1938
OH,8,3,1,1,0,1,1,3331
OH,8,3,1,1,2,1,0,4626
OH,8,3,1,2,0,0,1,6688
OH,8,3,1,2,1,0,1,3410
OH,8,3,1,2,2,1,0,6186
OH,8,3,1,2,2,3,1,2062
OH,8,3,1,3,0,0,0,4679
OH,8,3,1,3,0,0,1,9913
OH,8,3,1,3,0,1,0,899
OH,8,3,1,3,0,1,1,19245
OH,8,3,1,3,0,2,1,634
OH,8,3,1,3,0,3,0,714
OH,8,3,1,3,0,3,1,1639
OH,8,3,1,3,1,0,0,608
OH,8,3,1,3,1,0,1,12425
OH,8,3,1,3,1,1,1,14910
OH,8,3,1,3,1,2,1,3331
OH,8,3,1,3,1,3,1,2088
OH,8,3,1,3,2,0,1,5049
OH,8,3,1,3,2,1,1,1269
OH,8,3,1,3,2,3,0,2564
OH,8,3,1,3,2,3,1,2326
OH,8,3,1,4,0,0,0,1692
OH,8,3,1,4,0,0,1,6582
OH,8,3,1,4,0,1,0,1665
OH,8,3,1,4,0,1,1,11737
OH,8,3,1,4,0,2,1,4653
OH,8,3,1,4,0,3,1,1163
OH,8,3,1,4,1,0,0,1903
OH,8,3,1,4,1,0,1,3860
OH,8,3,1,4,1,1,0,1005
OH,8,3,1,4,1,1,1,16284
OH,8,3,1,4,1,2,1,1718
OH,8,3,1,4,1,3,1,2194
OH,8,3,1,4,2,0,0,3410
OH,8,3,1,4,2,0,1,3331
OH,8,3,1,4,2,1,0,291
OH,8,3,1,4,2,1,1,3860
OH,8,3,1,4,2,2,1,2564
OH,8,3,1,4,2,3,1,344
OH,8,3,1,5,0,0,0,1718
OH,8,3,1,5,0,0,1,10786
OH,8,3,1,5,0,1,0,1639
OH,8,3,1,5,0,1,1,44517
OH,8,3,1,5,0,2,1,2644
OH,8,3,1,5,0,3,0,529
OH,8,3,1,5,0,3,1,2855
OH,8,3,1,5,1,0,0,1956
OH,8,3,1,5,1,0,1,5974
OH,8,3,1,5,1,1,1,5181
OH,8,3,1,5,1,2,0,2088
OH,8,3,1,5,1,2,1,3939
OH,8,3,1,5,1,3,1,1956
OH,8,3,1,5,2,2,1,846
OH,8,3,1,5,2,3,0,846
OH,8,3,2,1,0,0,1,3660
OH,8,3,2,2,0,0,0,6593
OH,8,3,2,2,0,0,1,4512
OH,8,3,2,2,0,1,1,1228
OH,8,3,2,2,2,0,0,602
OH,8,3,2,3,0,0,0,902
OH,8,3,2,3,0,0,1,11783
OH,8,3,2,3,0,1,0,526
OH,8,3,2,3,0,1,1,7897
OH,8,3,2,3,0,3,1,2357
OH,8,3,2,3,1,0,0,1955
OH,8,3,2,3,1,0,1,9752
OH,8,3,2,3,1,1,0,2507
OH,8,3,2,3,1,1,1,2758
OH,8,3,2,3,2,0,0,827
OH,8,3,2,3,2,0,1,4462
OH,8,3,2,3,2,1,1,6794
OH,8,3,2,3,2,2,1,602
OH,8,3,2,3,2,3,0,451
OH,8,3,2,4,0,0,0,7320
OH,8,3,2,4,0,0,1,11908
OH,8,3,2,4,0,1,0,1755
OH,8,3,2,4,0,1,1,19429
OH,8,3,2,4,0,2,1,827
OH,8,3,2,4,1,0,0,4939
OH,8,3,2,4,1,0,1,8423
OH,8,3,2,4,1,1,1,2582
OH,8,3,2,4,1,3,0,752
OH,8,3,2,4,1,3,1,2783
OH,8,3,2,4,2,0,0,2582
OH,8,3,2,4,2,0,1,5164
OH,8,3,2,5,0,0,0,2607
OH,8,3,2,5,0,0,1,24392
OH,8,3,2,5,0,1,0,2858
OH,8,3,2,5,0,1,1,50289
OH,8,3,2,5,0,3,0,552
OH,8,3,2,5,1,0,0,501
OH,8,3,2,5,1,0,1,8448
OH,8,3,2,5,1,1,0,2181
OH,8,3,2,5,1,1,1,8223
OH,8,3,2,5,1,2,0,2557
OH,8,3,2,5,1,2,1,2056
OH,8,3,2,5,1,3,1,2131
OH,8,3,2,5,2,0,1,326
OH,8,3,2,5,2,1,0,727
OH,8,3,2,5,2,1,1,2532
OH,8,3,2,5,2,3,0,301
OH,8,3,2,5,2,3,1,1379
OH,8,4,1,1,0,0,1,14392
OH,8,4,1,3,0,0,1,5594
OH,8,4,1,3,0,1,1,5200
OH,8,4,1,3,2,1,1,6280
OH,8,4,1,4,0,0,1,4168
OH,8,4,1,4,1,2,1,8434
OH,8,4,1,5,0,0,0,4793
OH,8,4,1,5,0,1,1,4532
OH,8,4,1,5,1,1,0,7281
OH,8,4,2,3,0,0,1,1117
OH,8,4,2,3,0,3,0,4177
OH,8,4,2,4,0,0,0,11617
OH,8,4,2,4,0,0,1,4171
OH,8,4,2,4,0,1,1,8533
OH,8,4,2,4,0,3,0,4171
OH,8,4,2,4,2,0,1,903
OH,8,4,2,5,0,0,0,3153
OH,8,4,2,5,0,0,1,8204
OH,8,4,2,5,0,1,1,11808
OH,8,2,1,2,0,1,1,4014
OH,8,2,1,3,0,1,1,2120
OH,8,2,1,3,1,1,1,997
OH,8,2,1,3,2,3,1,1253
OH,8,2,1,4,1,0,1,4526
OH,8,2,1,4,1,1,1,1421
OH,8,2,1,5,0,0,1,2499
OH,8,2,1,5,0,1,1,2279
OH,8,2,1,5,2,0,1,1024
OH,8,2,1,5,2,2,1,346
OH,8,2,2,2,0,1,1,1263
OH,8,2,2,2,2,1,1,4716
OH,8,2,2,4,0,0,0,2613
OH,8,2,2,4,0,1,0,2469
OH,8,2,2,4,0,1,1,3145
OH,8,2,2,5,0,0,1,5240
OH,8,2,2,5,2,1,0,262
OH,8,5,1,3,0,0,1,2012
OH,8,5,1,3,0,1,1,1057
OH,8,5,1,3,1,0,1,1891
OH,8,5,1,3,1,1,1,1454
OH,8,5,1,3,1,3,1,871
OH,8,5,1,3,2,3,1,420
OH,8,5,1,4,1,0,1,1867
OH,8,5,1,5,0,0,1,4590
OH,8,5,1,5,0,1,1,4322
OH,8,5,1,5,1,1,1,2829
OH,8,5,1,5,2,0,1,347
OH,8,5,2,1,0,0,0,3348
OH,8,5,2,3,0,0,0,861
OH,8,5,2,3,0,0,1,2766
OH,8,5,2,3,1,1,1,1600
OH,8,5,2,3,2,0,0,623
OH,8,5,2,3,2,1,1,1373
OH,8,5,2,4,0,0,0,1097
OH,8,5,2,4,0,0,1,1807
OH,8,5,2,4,0,1,0,238
OH,8,5,2,4,2,0,1,109
OH,8,5,2,4,2,1,0,1249
OH,8,5,2,5,0,0,1,1642
OH,8,5,2,5,0,1,1,2692
OH,8,5,2,5,0,2,1,571
OH,8,5,2,5,1,0,0,1820
OH,9,3,1,1,0,0,1,7051
OH,9,3,1,2,1,0,1,14103
OH,9,3,1,2,1,1,1,2469
OH,9,3,1,2,1,3,1,1458
OH,9,3,1,3,0,0,0,2083
OH,9,3,1,3,0,0,1,4136
OH,9,3,1,3,0,1,1,9223
OH,9,3,1,3,0,2,0,5653
OH,9,3,1,3,0,2,1,1041
OH,9,3,1,3,0,3,0,1666
OH,9,3,1,3,0,3,1,1041
OH,9,3,1,3,1,0,0,1220
OH,9,3,1,3,1,0,1,16840
OH,9,3,1,3,1,1,0,3065
OH,9,3,1,3,1,1,1,16989
OH,9,3,1,3,1,2,0,1041
OH,9,3,1,3,1,2,1,2142
OH,9,3,1,3,1,3,1,4998
OH,9,3,1,3,2,0,0,3154
OH,9,3,1,3,2,0,1,8003
OH,9,3,1,3,2,1,0,595
OH,9,3,1,3,2,1,1,3392
OH,9,3,1,3,2,3,1,5177
OH,9,3,1,4,0,0,1,9491
OH,9,3,1,4,0,1,0,595
OH,9,3,1,4,0,1,1,14490
OH,9,3,1,4,0,3,1,4255
OH,9,3,1,4,1,0,0,1517
OH,9,3,1,4,1,0,1,15293
OH,9,3,1,4,1,1,1,21243
OH,9,3,1,4,1,2,1,1755
OH,9,3,1,4,1,3,1,2588
OH,9,3,1,4,2,0,0,327
OH,9,3,1,4,2,0,1,1309
OH,9,3,1,4,2,1,1,3065
OH,9,3,1,4,2,2,1,6575
OH,9,3,1,4,2,3,0,506
OH,9,3,1,4,2,3,1,2380
OH,9,3,1,5,0,0,0,1636
OH,9,3,1,5,0,0,1,17197
OH,9,3,1,5,0,1,1,33531
OH,9,3,1,5,0,2,0,1904
OH,9,3,1,5,0,2,1,5445
OH,9,3,1,5,0,3,1,5236
OH,9,3,1,5,1,0,1,7230
OH,9,3,1,5,1,1,0,1607
OH,9,3,1,5,1,1,1,4969
OH,9,3,1,5,1,2,1,6218
OH,9,3,1,5,1,3,1,3838
OH,9,3,1,5,2,0,1,1279
OH,9,3,1,5,2,1,1,1934
OH,9,3,1,5,2,2,1,2737
OH,9,3,1,5,2,3,1,803
OH,9,3,2,2,0,0,0,595
OH,9,3,2,2,0,0,1,2435
OH,9,3,2,2,0,1,1,3058
OH,9,3,2,2,1,0,1,1217
OH,9,3,2,2,2,2,0,595
OH,9,3,2,2,2,2,1,1217
OH,9,3,2,3,0,0,0,3454
OH,9,3,2,3,0,0,1,7163
OH,9,3,2,3,0,1,1,3567
OH,9,3,2,3,1,0,0,1585
OH,9,3,2,3,1,0,1,6002
OH,9,3,2,3,1,1,1,1897
OH,9,3,2,3,1,2,1,2067
OH,9,3,2,3,1,3,1,1784
OH,9,3,2,3,2,0,0,7474
OH,9,3,2,3,2,0,1,12429
OH,9,3,2,3,2,1,1,6229
OH,9,3,2,3,2,2,1,3143
OH,9,3,2,4,0,0,0,4926
OH,9,3,2,4,0,0,1,3709
OH,9,3,2,4,0,1,1,23244
OH,9,3,2,4,1,0,0,1302
OH,9,3,2,4,1,0,1,18545
OH,9,3,2,4,1,1,0,3341
OH,9,3,2,4,1,1,1,3624
OH,9,3,2,4,1,2,1,821
OH,9,3,2,4,1,3,1,2038
OH,9,3,2,4,2,0,0,4615
OH,9,3,2,4,2,0,1,2435
OH,9,3,2,4,2,1,0,1302
OH,9,3,2,4,2,1,1,2520
OH,9,3,2,4,2,2,0,311
OH,9,3,2,4,2,2,1,1670
OH,9,3,2,4,2,3,1,736
OH,9,3,2,5,0,0,0,3992
OH,9,3,2,5,0,0,1,28256
OH,9,3,2,5,0,1,0,3001
OH,9,3,2,5,0,1,1,44365
OH,9,3,2,5,0,2,1,1699
OH,9,3,2,5,1,0,0,1416
OH,9,3,2,5,1,0,1,6937
OH,9,3,2,5,1,1,0,1982
OH,9,3,2,5,1,1,1,24235
OH,9,3,2,5,1,2,0,1161
OH,9,3,2,5,1,2,1,11466
OH,9,3,2,5,1,3,0,241
OH,9,3,2,5,1,3,1,3935
OH,9,3,2,5,2,0,0,368
OH,9,3,2,5,2,0,1,2237
OH,9,3,2,5,2,1,0,2605
OH,9,3,2,5,2,1,1,4162
OH,9,4,1,3,0,1,0,7389
OH,9,4,1,3,0,3,1,1959
OH,9,4,1,3,2,2,1,10104
OH,9,4,1,4,0,0,1,11238
OH,9,4,1,4,1,1,1,4741
OH,9,4,1,4,2,1,1,3688
OH,9,4,1,5,0,0,1,12738
OH,9,4,1,5,0,1,1,2371
OH,9,4,1,5,0,2,1,2202
OH,9,4,1,5,1,0,1,4714
OH,9,4,1,5,2,3,1,6389
OH,9,4,2,3,0,0,0,2549
OH,9,4,2,3,0,0,1,11392
OH,9,4,2,3,0,1,0,774
OH,9,4,2,3,1,1,1,2002
OH,9,4,2,3,2,3,0,1682
OH,9,4,2,4,0,0,1,7748
OH,9,4,2,4,0,1,1,11519
OH,9,4,2,4,1,0,1,1795
OH,9,4,2,4,1,1,0,6000
OH,9,4,2,4,1,2,1,741
OH,9,4,2,4,2,3,1,5165
OH,9,4,2,5,0,0,1,6547
OH,9,4,2,5,0,1,0,2322
OH,9,4,2,5,0,1,1,6500
OH,9,2,1,3,0,1,1,3584
OH,9,2,1,4,1,1,0,8423
OH,9,2,1,5,0,1,1,8051
OH,9,2,2,2,1,0,1,2313
OH,9,2,2,3,0,0,1,5155
OH,9,2,2,4,0,0,1,4459
OH,9,2,2,4,1,0,1,616
OH,9,2,2,4,1,1,1,2257
OH,9,2,2,5,0,1,1,2581
OH,9,2,2,5,1,1,1,1940
OH,9,5,1,2,1,0,0,1432
OH,9,5,1,3,0,0,0,2516
OH,9,5,1,4,0,0,1,3394
OH,9,5,1,4,0,1,0,2973
OH,9,5,1,4,0,1,1,216
OH,9,5,1,4,1,0,1,595
OH,9,5,1,4,1,1,0,796
OH,9,5,1,4,1,3,1,1289
OH,9,5,1,4,2,0,0,724
OH,9,5,1,4,2,1,0,287
OH,9,5,1,5,0,0,1,1162
OH,9,5,1,5,0,1,1,4269
OH,9,5,1,5,2,1,1,1910
OH,9,5,2,4,0,0,0,2051
OH,9,5,2,4,1,0,0,860
OH,9,5,2,4,2,0,1,979
OH,9,5,2,4,2,1,1,4327
OH,9,5,2,5,0,1,1,5862
OH,9,5,2,5,1,1,1,2454
OH,9,5,2,5,2,1,1,4245
OH,10,3,1,1,0,0,0,2818
OH,10,3,1,1,1,0,1,1235
OH,10,3,1,1,2,0,1,1805
OH,10,3,1,2,1,0,0,760
OH,10,3,1,2,1,0,1,1615
OH,10,3,1,2,1,1,1,2122
OH,10,3,1,2,2,0,0,14598
OH,10,3,1,2,2,0,1,1615
OH,10,3,1,3,0,0,1,10861
OH,10,3,1,3,0,1,0,1615
OH,10,3,1,3,0,1,1,18905
OH,10,3,1,3,0,2,1,2122
OH,10,3,1,3,1,0,0,1583
OH,10,3,1,3,1,0,1,14693
OH,10,3,1,3,1,1,0,6080
OH,10,3,1,3,1,1,1,5827
OH,10,3,1,3,1,2,0,475
OH,10,3,1,3,1,3,1,3072
OH,10,3,1,3,2,0,0,6967
OH,10,3,1,3,2,0,1,22356
OH,10,3,1,3,2,1,1,6365
OH,10,3,1,3,2,3,0,1868
OH,10,3,1,3,2,3,1,1837
OH,10,3,1,4,0,0,0,2375
OH,10,3,1,4,0,0,1,5193
OH,10,3,1,4,0,1,1,20868
OH,10,3,1,4,0,2,1,3863
OH,10,3,1,4,1,0,1,9626
OH,10,3,1,4,1,1,0,4433
OH,10,3,1,4,1,1,1,13205
OH,10,3,1,4,1,2,1,5130
OH,10,3,1,4,1,3,1,4940
OH,10,3,1,4,2,0,0,633
OH,10,3,1,4,2,0,1,1710
OH,10,3,1,4,2,1,0,1298
OH,10,3,1,4,2,1,1,7758
OH,10,3,1,4,2,2,1,855
OH,10,3,1,5,0,0,0,412
OH,10,3,1,5,0,0,1,14566
OH,10,3,1,5,0,1,0,6017
OH,10,3,1,5,0,1,1,32394
OH,10,3,1,5,0,2,0,602
OH,10,3,1,5,0,2,1,2375
OH,10,3,1,5,0,3,1,7251
OH,10,3,1,5,1,0,0,1077
OH,10,3,1,5,1,0,1,1108
OH,10,3,1,5,1,1,1,13078
OH,10,3,1,5,1,2,1,2882
OH,10,3,1,5,1,3,1,3515
OH,10,3,1,5,2,0,1,10355
OH,10,3,1,5,2,1,0,665
OH,10,3,1,5,2,1,1,3990
OH,10,3,1,5,2,2,1,918
OH,10,3,1,5,2,3,1,2470
OH,10,3,2,1,2,0,1,2142
OH,10,3,2,2,0,0,1,6576
OH,10,3,2,2,1,0,0,3077
OH,10,3,2,2,1,1,1,2262
OH,10,3,2,2,2,0,0,573
OH,10,3,2,2,2,0,1,4223
OH,10,3,2,2,2,1,0,2323
OH,10,3,2,3,0,0,0,2232
OH,10,3,2,3,0,0,1,4796
OH,10,3,2,3,0,1,0,1719
OH,10,3,2,3,1,0,0,2202
OH,10,3,2,3,1,0,1,18311
OH,10,3,2,3,1,1,0,1207
OH,10,3,2,3,1,1,1,8839
OH,10,3,2,3,2,0,0,8537
OH,10,3,2,3,2,0,1,5279
OH,10,3,2,3,2,1,0,724
OH,10,3,2,3,2,1,1,2474
OH,10,3,2,3,2,3,0,633
OH,10,3,2,3,2,3,1,2655
OH,10,3,2,4,0,0,0,11704
OH,10,3,2,4,0,0,1,8597
OH,10,3,2,4,0,1,1,7994
OH,10,3,2,4,0,2,1,3741
OH,10,3,2,4,1,0,0,4223
OH,10,3,2,4,1,0,1,12639
OH,10,3,2,4,1,1,0,1629
OH,10,3,2,4,1,1,1,16682
OH,10,3,2,4,1,2,1,1026
OH,10,3,2,4,2,0,0,5370
OH,10,3,2,4,2,0,1,5400
OH,10,3,2,4,2,1,1,16290
OH,10,3,2,4,2,2,1,1146
OH,10,3,2,5,0,0,0,1780
OH,10,3,2,5,0,0,1,19970
OH,10,3,2,5,0,1,0,4193
OH,10,3,2,5,0,1,1,44615
OH,10,3,2,5,0,2,1,7451
OH,10,3,2,5,1,0,0,724
OH,10,3,2,5,1,0,1,6938
OH,10,3,2,5,1,1,0,4284
OH,10,3,2,5,1,1,1,17496
OH,10,3,2,5,1,2,0,965
OH,10,3,2,5,1,2,1,3017
OH,10,3,2,5,1,3,1,1207
OH,10,3,2,5,2,0,0,2383
OH,10,3,2,5,2,0,1,362
OH,10,3,2,5,2,1,1,5008
OH,10,3,2,5,2,2,0,2081
OH,10,3,2,5,2,2,1,1327
OH,10,3,2,5,2,3,0,262
OH,10,3,2,5,2,3,1,302
OH,10,4,1,2,2,1,0,6590
OH,10,4,1,2,2,3,1,5299
OH,10,4,1,3,0,0,1,6070
OH,10,4,1,3,1,0,0,4555
OH,10,4,1,3,2,0,1,3738
OH,10,4,1,3,2,1,1,2881
OH,10,4,1,4,0,0,1,492
OH,10,4,1,4,0,1,0,1732
OH,10,4,1,4,0,1,1,17433
OH,10,4,1,5,0,0,1,2595
OH,10,4,1,5,0,1,1,3509
OH,10,4,1,5,0,3,1,2263
OH,10,4,2,3,0,0,0,7611
OH,10,4,2,3,2,1,0,8535
OH,10,4,2,4,0,0,1,3046
OH,10,4,2,4,0,3,1,3046
OH,10,4,2,4,1,0,1,7116
OH,10,4,2,4,2,0,0,3487
OH,10,4,2,4,2,1,0,3445
OH,10,4,2,4,2,1,1,3338
OH,10,4,2,4,2,2,1,3487
OH,10,4,2,4,2,3,0,2599
OH,10,4,2,5,0,0,0,3677
OH,10,4,2,5,0,0,1,5167
OH,10,4,2,5,0,1,1,4196
OH,10,4,2,5,2,3,1,852
OH,10,2,1,4,0,0,0,5854
OH,10,2,1,4,1,0,1,7253
OH,10,2,1,5,0,1,1,1337
OH,10,2,1,5,1,0,1,1465
OH,10,2,1,5,1,1,0,4040
OH,10,2,1,5,1,1,1,687
OH,10,2,2,3,1,0,1,5157
OH,10,2,2,4,0,0,1,7319
OH,10,2,2,4,1,1,0,4111
OH,10,2,2,4,2,0,1,2212
OH,10,2,2,5,1,0,1,619
OH,10,5,1,1,1,0,0,5587
OH,10,5,1,2,0,1,1,2106
OH,10,5,1,3,0,0,1,574
OH,10,5,1,3,0,1,1,3964
OH,10,5,1,3,2,1,0,395
OH,10,5,1,4,1,3,1,1296
OH,10,5,1,4,2,0,0,365
OH,10,5,1,5,0,1,1,4353
OH,10,5,1,5,0,2,1,560
OH,10,5,1,5,1,1,1,951
OH,10,5,2,2,0,0,0,4590
OH,10,5,2,3,0,0,1,675
OH,10,5,2,4,0,0,1,1548
OH,10,5,2,4,1,1,1,1777
OH,10,5,2,5,0,0,1,2740
OH,10,5,2,5,0,1,1,2757
OH,10,5,2,5,0,2,0,1579
OH,10,5,2,5,0,2,1,311
OH,10,5,2,5,1,1,1,271
OH,10,5,2,5,1,3,1,2818
OH,11,3,1,1,0,0,0,742
OH,11,3,1,1,0,0,1,2345
OH,11,3,1,2,0,3,1,534
OH,11,3,1,2,1,0,0,3739
OH,11,3,1,2,1,0,1,2137
OH,11,3,1,2,2,1,0,712
OH,11,3,1,2,2,3,1,1454
OH,11,3,1,3,0,0,0,3294
OH,11,3,1,3,0,0,1,10951
OH,11,3,1,3,0,1,0,1632
OH,11,3,1,3,0,1,1,9912
OH,11,3,1,3,0,2,1,950
OH,11,3,1,3,0,3,0,1899
OH,11,3,1,3,0,3,1,5817
OH,11,3,1,3,1,0,0,1781
OH,11,3,1,3,1,0,1,13266
OH,11,3,1,3,1,1,0,979
OH,11,3,1,3,1,1,1,10506
OH,11,3,1,3,1,2,1,2879
OH,11,3,1,3,1,3,0,653
OH,11,3,1,3,1,3,1,7776
OH,11,3,1,3,2,0,0,3235
OH,11,3,1,3,2,0,1,1157
OH,11,3,1,3,2,1,0,3799
OH,11,3,1,3,2,1,1,4927
OH,11,3,1,3,2,2,1,2315
OH,11,3,1,3,2,3,0,415
OH,11,3,1,3,2,3,1,2671
OH,11,3,1,4,0,0,1,12376
OH,11,3,1,4,0,1,0,683
OH,11,3,1,4,0,1,1,16887
OH,11,3,1,4,0,2,1,3621
OH,11,3,1,4,0,3,0,831
OH,11,3,1,4,0,3,1,1870
OH,11,3,1,4,1,0,0,3561
OH,11,3,1,4,1,0,1,15640
OH,11,3,1,4,1,1,0,4986
OH,11,3,1,4,1,1,1,14631
OH,11,3,1,4,1,2,1,386
OH,11,3,1,4,1,3,0,386
OH,11,3,1,4,1,3,1,5283
OH,11,3,1,4,2,0,0,7034
OH,11,3,1,4,2,0,1,5698
OH,11,3,1,4,2,1,1,1336
OH,11,3,1,4,2,3,1,1662
OH,11,3,1,5,0,0,0,356
OH,11,3,1,5,0,0,1,19765
OH,11,3,1,5,0,1,0,1870
OH,11,3,1,5,0,1,1,39650
OH,11,3,1,5,0,2,0,653
OH,11,3,1,5,0,2,1,4155
OH,11,3,1,5,0,3,0,199
OH,11,3,1,5,0,3,1,4214
OH,11,3,1,5,1,0,0,594
OH,11,3,1,5,1,0,1,4927
OH,11,3,1,5,1,1,0,534
OH,11,3,1,5,1,1,1,12880
OH,11,3,1,5,1,2,1,1068
OH,11,3,1,5,1,3,1,1217
OH,11,3,1,5,2,0,0,356
OH,11,3,1,5,2,0,1,2760
OH,11,3,1,5,2,1,1,415
OH,11,3,1,5,2,3,1,1810
OH,11,3,2,1,1,0,0,516
OH,11,3,2,1,1,2,1,2294
OH,11,3,2,1,2,0,0,92
OH,11,3,2,1,2,0,1,545
OH,11,3,2,2,0,0,0,2638
OH,11,3,2,2,1,0,0,2867
OH,11,3,2,2,1,0,1,315
OH,11,3,2,2,2,0,0,946
OH,11,3,2,2,2,1,0,602
OH,11,3,2,3,0,0,0,6967
OH,11,3,2,3,0,0,1,13848
OH,11,3,2,3,0,1,1,7397
OH,11,3,2,3,0,2,0,2351
OH,11,3,2,3,0,2,1,2982
OH,11,3,2,3,0,3,1,459
OH,11,3,2,3,1,0,0,6537
OH,11,3,2,3,1,0,1,3670
OH,11,3,2,3,1,1,1,9690
OH,11,3,2,3,1,2,0,275
OH,11,3,2,3,1,3,0,917
OH,11,3,2,3,2,0,0,573
OH,11,3,2,3,2,0,1,11955
OH,11,3,2,3,2,1,0,4989
OH,11,3,2,3,2,1,1,745
OH,11,3,2,3,2,2,0,118
OH,11,3,2,3,2,2,1,717
OH,11,3,2,3,2,3,0,516
OH,11,3,2,3,2,3,1,401
OH,11,3,2,4,0,0,0,4587
OH,11,3,2,4,0,0,1,10321
OH,11,3,2,4,0,1,0,4645
OH,11,3,2,4,0,1,1,24599
OH,11,3,2,4,0,2,1,4272
OH,11,3,2,4,0,3,1,459
OH,11,3,2,4,1,0,0,5304
OH,11,3,2,4,1,0,1,8171
OH,11,3,2,4,1,1,0,5361
OH,11,3,2,4,1,1,1,11783
OH,11,3,2,4,1,2,0,189
OH,11,3,2,4,1,2,1,1491
OH,11,3,2,4,2,0,0,1491
OH,11,3,2,4,2,0,1,2896
OH,11,3,2,4,2,1,0,1950
OH,11,3,2,4,2,1,1,2724
OH,11,3,2,4,2,2,1,1577
OH,11,3,2,4,2,3,0,487
OH,11,3,2,4,2,3,1,487
OH,11,3,2,5,0,0,0,2752
OH,11,3,2,5,0,0,1,26004
OH,11,3,2,5,0,1,0,1147
OH,11,3,2,5,0,1,1,41829
OH,11,3,2,5,0,2,1,3670
OH,11,3,2,5,0,3,1,1290
OH,11,3,2,5,1,0,0,1950
OH,11,3,2,5,1,0,1,3096
OH,11,3,2,5,1,1,0,1147
OH,11,3,2,5,1,1,1,14306
OH,11,3,2,5,1,2,1,155
OH,11,3,2,5,1,3,0,161
OH,11,3,2,5,1,3,1,2838
OH,11,3,2,5,2,0,0,2093
OH,11,3,2,5,2,0,1,803
OH,11,3,2,5,2,1,0,1921
OH,11,3,2,5,2,3,0,1835
OH,11,3,2,5,2,3,1,975
OH,11,4,1,3,0,0,0,1446
OH,11,4,1,3,0,0,1,11276
OH,11,4,1,3,0,1,0,2259
OH,11,4,1,3,0,1,1,4652
OH,11,4,1,3,1,1,1,1377
OH,11,4,1,3,2,0,0,3007
OH,11,4,1,4,0,0,1,7590
OH,11,4,1,4,0,1,1,1862
OH,11,4,1,4,0,3,1,3090
OH,11,4,1,4,1,1,1,1996
OH,11,4,1,4,2,0,0,2453
OH,11,4,1,5,0,0,0,1571
OH,11,4,1,5,0,0,1,841
OH,11,4,1,5,1,0,1,1843
OH,11,4,1,5,1,1,1,300
OH,11,4,1,5,1,2,1,633
OH,11,4,2,1,0,0,0,3146
OH,11,4,2,3,0,0,1,8192
OH,11,4,2,3,2,0,0,5502
OH,11,4,2,4,0,0,0,7287
OH,11,4,2,4,0,1,1,8357
OH,11,4,2,4,2,1,1,1550
OH,11,4,2,5,0,0,1,7997
OH,11,4,2,5,0,1,1,6997
OH,11,4,2,5,1,1,0,980
OH,11,2,1,3,0,0,0,2337
OH,11,2,1,3,0,1,1,10358
OH,11,2,1,3,1,0,1,1926
OH,11,2,1,3,1,3,1,716
OH,11,2,1,3,2,0,1,3080
OH,11,2,1,5,1,1,1,1924
OH,11,2,2,2,0,0,1,1652
OH,11,2,2,3,1,1,1,3159
OH,11,2,2,4,0,2,1,2006
OH,11,2,2,4,2,0,0,2322
OH,11,2,2,4,2,0,1,809
OH,11,2,2,5,0,1,0,3758
OH,11,2,2,5,0,1,1,4768
OH,11,5,1,3,0,1,1,1927
OH,11,5,1,3,1,0,1,2352
OH,11,5,1,3,1,1,1,3612
OH,11,5,1,3,2,0,0,611
OH,11,5,1,4,0,0,1,2432
OH,11,5,1,4,0,1,1,2176
OH,11,5,1,5,0,1,1,1872
OH,11,5,1,5,0,3,1,400
OH,11,5,1,5,1,1,1,1917
OH,11,5,2,1,2,1,0,3084
OH,11,5,2,3,0,1,0,2085
OH,11,5,2,3,2,3,0,914
OH,11,5,2,4,1,0,1,878
OH,11,5,2,4,2,0,1,2816
OH,11,5,2,5,0,0,1,2823
OH,11,5,2,5,0,1,1,991
OH,11,5,2,5,1,0,0,1156
OH,11,5,2,5,1,0,1,952
OH,11,5,2,5,1,1,1,163
OH,11,5,2,5,1,3,0,1473
OH,11,5,2,5,2,1,0,200
OH,12,3,1,1,0,0,1,669
OH,12,3,1,1,2,0,0,257
OH,12,3,1,2,1,0,1,412
OH,12,3,1,2,1,1,0,695
OH,12,3,1,2,2,0,0,3733
OH,12,3,1,2,2,1,0,1828
OH,12,3,1,2,2,2,1,1030
OH,12,3,1,2,2,3,0,5689
OH,12,3,1,3,0,0,0,4505
OH,12,3,1,3,0,0,1,9756
OH,12,3,1,3,0,1,0,438
OH,12,3,1,3,0,1,1,12356
OH,12,3,1,3,0,2,0,386
OH,12,3,1,3,0,2,1,3501
OH,12,3,1,3,0,3,1,4196
OH,12,3,1,3,1,0,0,3630
OH,12,3,1,3,1,0,1,4299
OH,12,3,1,3,1,1,0,3192
OH,12,3,1,3,1,1,1,8392
OH,12,3,1,3,1,2,1,5174
OH,12,3,1,3,1,3,0,2059
OH,12,3,1,3,1,3,1,4737
OH,12,3,1,3,2,0,0,8263
OH,12,3,1,3,2,0,1,4840
OH,12,3,1,3,2,1,0,952
OH,12,3,1,3,2,1,1,3501
OH,12,3,1,3,2,2,0,309
OH,12,3,1,3,2,3,0,4891
OH,12,3,1,3,2,3,1,2832
OH,12,3,1,4,0,0,0,6281
OH,12,3,1,4,0,0,1,25537
OH,12,3,1,4,0,1,0,2935
OH,12,3,1,4,0,1,1,11224
OH,12,3,1,4,0,2,1,747
OH,12,3,1,4,0,3,0,618
OH,12,3,1,4,0,3,1,3527
OH,12,3,1,4,1,0,0,2085
OH,12,3,1,4,1,0,1,4582
OH,12,3,1,4,1,1,0,1287
OH,12,3,1,4,1,1,1,4453
OH,12,3,1,4,1,2,1,237
OH,12,3,1,4,1,3,0,2857
OH,12,3,1,4,1,3,1,1956
OH,12,3,1,4,2,0,0,2446
OH,12,3,1,4,2,0,1,237
OH,12,3,1,4,2,1,0,2574
OH,12,3,1,4,2,1,1,515
OH,12,3,1,4,2,2,0,644
OH,12,3,1,4,2,3,1,3141
OH,12,3,1,5,0,0,0,245
OH,12,3,1,5,0,0,1,17737
OH,12,3,1,5,0,1,0,335
OH,12,3,1,5,0,1,1,27287
OH,12,3,1,5,0,2,0,695
OH,12,3,1,5,0,2,1,5457
OH,12,3,1,5,0,3,1,5329
OH,12,3,1,5,1,0,0,2446
OH,12,3,1,5,1,0,1,2780
OH,12,3,1,5,1,1,0,257
OH,12,3,1,5,1,1,1,2523
OH,12,3,1,5,1,2,0,1442
OH,12,3,1,5,1,2,1,772
OH,12,3,1,5,1,3,1,2188
OH,12,3,1,5,2,0,1,335
OH,12,3,1,5,2,1,1,1570
OH,12,3,1,5,2,2,1,1081
OH,12,3,1,5,2,3,1,541
OH,12,3,2,1,0,0,0,302
OH,12,3,2,1,0,0,1,1865
OH,12,3,2,1,0,1,0,605
OH,12,3,2,2,0,0,0,328
OH,12,3,2,2,1,0,0,3528
OH,12,3,2,2,1,0,1,1865
OH,12,3,2,2,2,0,0,3150
OH,12,3,2,2,2,0,1,5821
OH,12,3,2,3,0,0,0,7257
OH,12,3,2,3,0,0,1,19276
OH,12,3,2,3,0,1,0,932
OH,12,3,2,3,0,1,1,8567
OH,12,3,2,3,0,3,1,958
OH,12,3,2,3,1,0,0,6551
OH,12,3,2,3,1,0,1,6577
OH,12,3,2,3,1,1,0,3931
OH,12,3,2,3,1,1,1,2570
OH,12,3,2,3,1,2,1,403
OH,12,3,2,3,1,3,1,2117
OH,12,3,2,3,2,0,0,5292
OH,12,3,2,3,2,0,1,5014
OH,12,3,2,3,2,1,0,731
OH,12,3,2,3,2,1,1,5140
OH,12,3,2,3,2,3,0,504
OH,12,3,2,3,2,3,1,1033
OH,12,3,2,4,0,0,0,2419
OH,12,3,2,4,0,0,1,13178
OH,12,3,2,4,0,1,0,2847
OH,12,3,2,4,0,1,1,14035
OH,12,3,2,4,0,2,0,353
OH,12,3,2,4,0,3,1,1663
OH,12,3,2,4,1,0,0,3452
OH,12,3,2,4,1,0,1,11213
OH,12,3,2,4,1,1,0,1965
OH,12,3,2,4,1,1,1,17386
OH,12,3,2,4,2,0,0,1008
OH,12,3,2,4,2,0,1,7635
OH,12,3,2,4,2,1,0,1386
OH,12,3,2,4,2,1,1,731
OH,12,3,2,5,0,0,0,4183
OH,12,3,2,5,0,0,1,18999
OH,12,3,2,5,0,1,0,1285
OH,12,3,2,5,0,1,1,27440
OH,12,3,2,5,0,2,0,605
OH,12,3,2,5,0,2,1,1386
OH,12,3,2,5,0,3,1,2091
OH,12,3,2,5,1,0,0,2268
OH,12,3,2,5,1,0,1,6224
OH,12,3,2,5,1,1,0,63
OH,12,3,2,5,1,1,1,5216
OH,12,3,2,5,1,2,1,2444
OH,12,3,2,5,1,3,1,131
OH,12,3,2,5,2,0,0,1587
OH,12,3,2,5,2,0,1,302
OH,12,3,2,5,2,1,0,680
OH,12,3,2,5,2,1,1,2268
OH,12,3,2,5,2,2,1,1033
OH,12,3,2,5,2,3,0,171
OH,12,4,1,2,2,3,0,1629
OH,12,4,1,3,0,0,0,2535
OH,12,4,1,3,0,1,0,5615
OH,12,4,1,4,0,0,0,831
OH,12,4,1,4,0,0,1,3204
OH,12,4,1,4,0,1,1,12583
OH,12,4,1,4,1,3,0,831
OH,12,4,1,4,2,1,1,1697
OH,12,4,1,5,0,0,1,3703
OH,12,4,1,5,0,1,1,3465
OH,12,4,1,5,1,1,1,1697
OH,12,4,2,3,0,0,0,4980
OH,12,4,2,3,0,1,0,3072
OH,12,4,2,3,0,1,1,2239
OH,12,4,2,3,1,0,1,352
OH,12,4,2,3,2,0,0,845
OH,12,4,2,3,2,0,1,3369
OH,12,4,2,4,0,0,0,1900
OH,12,4,2,4,0,1,1,1858
OH,12,4,2,4,1,1,0,1862
OH,12,4,2,4,1,1,1,3629
OH,12,4,2,4,2,1,1,1862
OH,12,4,2,4,2,2,1,2038
OH,12,4,2,5,0,0,0,1385
OH,12,4,2,5,0,0,1,4650
OH,12,4,2,5,0,1,0,967
OH,12,4,2,5,0,1,1,3068
OH,12,4,2,5,1,0,1,2854
OH,12,4,2,5,1,1,1,921
OH,12,2,1,4,0,1,1,12937
OH,12,2,1,5,2,0,0,3745
OH,12,2,2,2,1,0,1,2319
OH,12,2,2,3,0,0,0,4073
OH,12,2,2,4,0,0,1,5375
OH,12,2,2,5,0,1,1,2652
OH,12,2,2,5,1,0,0,981
OH,12,5,1,2,1,0,1,575
OH,12,5,1,2,2,0,1,1544
OH,12,5,1,3,1,0,1,891
OH,12,5,1,3,1,1,1,222
OH,12,5,1,3,2,0,0,2008
OH,12,5,1,4,0,0,0,478
OH,12,5,1,4,0,0,1,1406
OH,12,5,1,4,1,1,1,1718
OH,12,5,1,4,2,0,1,538
OH,12,5,1,4,2,1,1,1042
OH,12,5,1,5,0,1,1,1202
OH,12,5,1,5,0,2,1,326
OH,12,5,1,5,1,0,1,1740
OH,12,5,2,2,2,0,0,2286
OH,12,5,2,3,2,0,0,206
OH,12,5,2,4,0,0,1,1526
OH,12,5,2,4,1,0,1,2358
OH,12,5,2,4,2,0,0,1311
OH,12,5,2,4,2,0,1,1490
OH,12,5,2,5,0,0,1,775
OH,12,5,2,5,0,2,1,2191
OH,12,5,2,5,1,0,1,719
OH,12,5,2,5,1,1,1,1315
OH,12,5,2,5,2,0,0,552
OH,13,3,1,1,0,0,0,2263
OH,13,3,1,1,1,0,0,305
OH,13,3,1,1,1,0,1,737
OH,13,3,1,1,1,1,1,305
OH,13,3,1,1,2,0,0,1500
OH,13,3,1,1,2,2,1,6001
OH,13,3,1,2,0,1,1,407
OH,13,3,1,2,1,0,0,8188
OH,13,3,1,2,1,0,1,3458
OH,13,3,1,2,2,0,0,3229
OH,13,3,1,2,2,0,1,1348
OH,13,3,1,2,2,1,0,1144
OH,13,3,1,3,0,0,0,4272
OH,13,3,1,3,0,0,1,8645
OH,13,3,1,3,0,1,0,2543
OH,13,3,1,3,0,1,1,16808
OH,13,3,1,3,0,2,1,4018
OH,13,3,1,3,0,3,0,839
OH,13,3,1,3,0,3,1,3840
OH,13,3,1,3,1,0,0,4094
OH,13,3,1,3,1,0,1,5009
OH,13,3,1,3,1,1,0,865
OH,13,3,1,3,1,1,1,5467
OH,13,3,1,3,1,2,1,2390
OH,13,3,1,3,1,3,1,5035
OH,13,3,1,3,2,0,0,6662
OH,13,3,1,3,2,0,1,8925
OH,13,3,1,3,2,1,0,2085
OH,13,3,1,3,2,1,1,6077
OH,13,3,1,3,2,2,1,509
OH,13,3,1,3,2,3,0,890
OH,13,3,1,3,2,3,1,1068
OH,13,3,1,4,0,0,0,1195
OH,13,3,1,4,0,0,1,12739
OH,13,3,1,4,0,1,0,201
OH,13,3,1,4,0,1,1,13731
OH,13,3,1,4,0,2,1,3534
OH,13,3,1,4,1,0,0,1170
OH,13,3,1,4,1,0,1,8315
OH,13,3,1,4,1,1,0,4094
OH,13,3,1,4,1,1,1,9713
OH,13,3,1,4,1,2,0,2822
OH,13,3,1,4,1,2,1,109
OH,13,3,1,4,1,3,1,3077
OH,13,3,1,4,2,0,0,890
OH,13,3,1,4,2,0,1,4068
OH,13,3,1,4,2,1,0,94
OH,13,3,1,4,2,1,1,5340
OH,13,3,1,4,2,2,1,1551
OH,13,3,1,4,2,3,0,737
OH,13,3,1,4,2,3,1,1068
OH,13,3,1,5,0,0,0,1424
OH,13,3,1,5,0,0,1,9256
OH,13,3,1,5,0,1,0,2721
OH,13,3,1,5,0,1,1,22859
OH,13,3,1,5,0,2,0,534
OH,13,3,1,5,0,2,1,5874
OH,13,3,1,5,0,3,1,7298
OH,13,3,1,5,1,0,1,2263
OH,13,3,1,5,1,1,0,585
OH,13,3,1,5,1,1,1,3382
OH,13,3,1,5,1,2,1,2644
OH,13,3,1,5,1,3,1,509
OH,13,3,1,5,2,0,0,381
OH,13,3,1,5,2,0,1,356
OH,13,3,1,5,2,1,1,221
OH,13,3,1,5,2,3,1,559
OH,13,3,2,1,0,1,1,3086
OH,13,3,2,1,2,0,1,2066
OH,13,3,2,2,0,0,0,255
OH,13,3,2,2,0,0,1,459
OH,13,3,2,2,1,0,0,1505
OH,13,3,2,2,2,0,0,3928
OH,13,3,2,2,2,0,1,8544
OH,13,3,2,3,0,0,0,4667
OH,13,3,2,3,0,0,1,19639
OH,13,3,2,3,0,1,0,1581
OH,13,3,2,3,0,1,1,9156
OH,13,3,2,3,0,2,1,689
OH,13,3,2,3,1,0,0,9080
OH,13,3,2,3,1,0,1,14461
OH,13,3,2,3,1,1,0,893
OH,13,3,2,3,1,1,1,2193
OH,13,3,2,3,1,2,0,2499
OH,13,3,2,3,1,2,1,2601
OH,13,3,2,3,1,3,1,1122
OH,13,3,2,3,2,0,0,3826
OH,13,3,2,3,2,0,1,13466
OH,13,3,2,3,2,1,0,2474
OH,13,3,2,3,2,1,1,765
OH,13,3,2,3,2,2,0,184
OH,13,3,2,3,2,2,1,434
OH,13,3,2,3,2,3,0,2831
OH,13,3,2,3,2,3,1,1173
OH,13,3,2,4,0,0,0,6325
OH,13,3,2,4,0,0,1,13364
OH,13,3,2,4,0,1,0,2882
OH,13,3,2,4,0,1,1,17012
OH,13,3,2,4,0,2,1,3163
OH,13,3,2,4,0,3,1,1148
OH,13,3,2,4,1,0,0,4412
OH,13,3,2,4,1,0,1,11018
OH,13,3,2,4,1,1,0,408
OH,13,3,2,4,1,1,1,6784
OH,13,3,2,4,1,2,1,4106
OH,13,3,2,4,2,0,0,1403
OH,13,3,2,4,2,0,1,2601
OH,13,3,2,4,2,1,1,2780
OH,13,3,2,4,2,3,0,1071
OH,13,3,2,5,0,0,0,1530
OH,13,3,2,5,0,0,1,11681
OH,13,3,2,5,0,1,0,1275
OH,13,3,2,5,0,1,1,23796
OH,13,3,2,5,0,2,1,1505
OH,13,3,2,5,0,3,1,893
OH,13,3,2,5,1,0,0,1326
OH,13,3,2,5,1,0,1,3953
OH,13,3,2,5,1,1,0,3112
OH,13,3,2,5,1,1,1,6580
OH,13,3,2,5,1,2,1,2244
OH,13,3,2,5,1,3,1,92
OH,13,3,2,5,2,0,0,765
OH,13,3,2,5,2,0,1,332
OH,13,3,2,5,2,1,0,1709
OH,13,3,2,5,2,1,1,1989
OH,13,3,2,5,2,3,0,115
OH,13,4,1,2,1,3,0,1665
OH,13,4,1,2,2,1,1,161
OH,13,4,1,3,0,0,0,841
OH,13,4,1,3,0,0,1,3345
OH,13,4,1,3,1,0,0,5425
OH,13,4,1,3,1,0,1,295
OH,13,4,1,3,1,2,1,52
OH,13,4,1,3,2,1,0,227
OH,13,4,1,3,2,3,1,889
OH,13,4,1,4,0,0,0,172
OH,13,4,1,4,0,0,1,5456
OH,13,4,1,4,0,1,1,6634
OH,13,4,1,4,1,1,0,388
OH,13,4,1,4,1,1,1,1126
OH,13,4,1,5,0,0,1,4495
OH,13,4,1,5,0,1,1,1415
OH,13,4,1,5,1,0,0,721
OH,13,4,1,5,1,0,1,1030
OH,13,4,2,1,2,1,0,1220
OH,13,4,2,2,2,0,0,2751
OH,13,4,2,2,2,0,1,3597
OH,13,4,2,3,0,1,0,2592
OH,13,4,2,3,1,0,1,1372
OH,13,4,2,3,2,0,1,2081
OH,13,4,2,3,2,1,0,64
OH,13,4,2,4,0,0,0,1846
OH,13,4,2,4,0,0,1,3409
OH,13,4,2,4,0,1,1,4386
OH,13,4,2,4,0,2,1,1352
OH,13,4,2,4,1,0,0,2508
OH,13,4,2,4,1,0,1,1264
OH,13,4,2,4,1,1,1,546
OH,13,4,2,4,1,2,0,1467
OH,13,4,2,4,2,1,1,610
OH,13,4,2,5,0,0,1,3912
OH,13,4,2,5,0,1,1,3158
OH,13,4,2,5,1,0,1,730
OH,13,4,2,5,1,1,0,502
OH,13,4,2,5,1,1,1,502
OH,13,2,1,3,1,0,1,7319
OH,13,2,1,3,2,0,0,1475
OH,13,2,1,5,0,1,1,4878
OH,13,2,2,3,0,0,0,454
OH,13,2,2,3,2,0,0,400
OH,13,2,2,3,2,0,1,2426
OH,13,2,2,4,0,1,1,581
OH,13,2,2,4,1,0,0,2502
OH,13,2,2,4,1,0,1,2927
OH,13,2,2,4,1,1,1,871
OH,13,2,2,5,0,0,1,1517
OH,13,2,2,5,0,3,1,1435
OH,13,5,1,2,1,3,0,688
OH,13,5,1,2,2,1,0,1017
OH,13,5,1,3,0,0,1,1527
OH,13,5,1,3,0,3,1,567
OH,13,5,1,3,2,3,0,141
OH,13,5,1,3,2,3,1,1596
OH,13,5,1,4,0,0,0,202
OH,13,5,1,4,0,1,1,691
OH,13,5,1,4,1,0,0,2129
OH,13,5,1,4,1,0,1,345
OH,13,5,1,4,2,0,1,1674
OH,13,5,1,5,0,1,1,2385
OH,13,5,1,5,1,1,1,169
OH,13,5,2,3,1,0,1,1975
OH,13,5,2,3,2,0,0,354
OH,13,5,2,4,0,0,1,2016
OH,13,5,2,4,1,0,1,3446
OH,13,5,2,4,2,0,1,1530
OH,13,5,2,5,0,0,1,2355
OH,13,5,2,5,1,1,1,1819
OH,14,3,1,1,0,0,0,235
OH,14,3,1,1,1,0,0,490
OH,14,3,1,1,1,0,1,2059
OH,14,3,1,1,1,1,1,1888
OH,14,3,1,1,2,0,0,343
OH,14,3,1,1,2,0,1,1888
OH,14,3,1,2,0,0,0,2451
OH,14,3,1,2,0,0,1,10982
OH,14,3,1,2,0,1,1,1446
OH,14,3,1,2,1,0,0,1863
OH,14,3,1,2,1,0,1,5001
OH,14,3,1,2,1,3,1,956
OH,14,3,1,2,2,0,0,2329
OH,14,3,1,2,2,0,1,784
OH,14,3,1,2,2,1,0,1152
OH,14,3,1,2,2,3,0,2525
OH,14,3,1,2,2,3,1,4707
OH,14,3,1,3,0,0,0,5712
OH,14,3,1,3,0,0,1,8555
OH,14,3,1,3,0,1,0,907
OH,14,3,1,3,0,1,1,8923
OH,14,3,1,3,0,2,0,466
OH,14,3,1,3,0,2,1,588
OH,14,3,1,3,0,3,0,1986
OH,14,3,1,3,0,3,1,1740
OH,14,3,1,3,1,0,0,5050
OH,14,3,1,3,1,0,1,15762
OH,14,3,1,3,1,1,0,2966
OH,14,3,1,3,1,1,1,6226
OH,14,3,1,3,1,2,1,2721
OH,14,3,1,3,1,3,0,735
OH,14,3,1,3,1,3,1,294
OH,14,3,1,3,2,0,0,6839
OH,14,3,1,3,2,0,1,5932
OH,14,3,1,3,2,1,0,515
OH,14,3,1,3,2,1,1,1937
OH,14,3,1,3,2,2,1,1863
OH,14,3,1,3,2,3,1,686
OH,14,3,1,4,0,0,0,3947
OH,14,3,1,4,0,0,1,7207
OH,14,3,1,4,0,1,1,7771
OH,14,3,1,4,0,2,0,490
OH,14,3,1,4,0,2,1,4412
OH,14,3,1,4,0,3,1,2893
OH,14,3,1,4,1,0,0,981
OH,14,3,1,4,1,0,1,8482
OH,14,3,1,4,1,1,0,2451
OH,14,3,1,4,1,1,1,5148
OH,14,3,1,4,1,2,0,319
OH,14,3,1,4,1,2,1,1250
OH,14,3,1,4,1,3,0,1961
OH,14,3,1,4,1,3,1,1569
OH,14,3,1,4,2,0,0,3702
OH,14,3,1,4,2,0,1,4069
OH,14,3,1,4,2,1,1,515
OH,14,3,1,4,2,2,1,1618
OH,14,3,1,4,2,3,0,130
OH,14,3,1,4,2,3,1,157
OH,14,3,1,5,0,0,0,105
OH,14,3,1,5,0,0,1,10443
OH,14,3,1,5,0,1,0,2966
OH,14,3,1,5,0,1,1,23362
OH,14,3,1,5,0,2,1,4927
OH,14,3,1,5,0,3,0,110
OH,14,3,1,5,0,3,1,2721
OH,14,3,1,5,1,0,0,125
OH,14,3,1,5,1,0,1,4216
OH,14,3,1,5,1,1,0,392
OH,14,3,1,5,1,1,1,6030
OH,14,3,1,5,1,2,1,1446
OH,14,3,1,5,1,3,0,135
OH,14,3,1,5,1,3,1,3138
OH,14,3,1,5,2,0,0,1299
OH,14,3,1,5,2,0,1,760
OH,14,3,1,5,2,1,1,858
OH,14,3,1,5,2,3,0,564
OH,14,3,1,5,2,3,1,956
OH,14,3,2,1,0,0,0,1132
OH,14,3,2,1,1,0,0,3165
OH,14,3,2,2,0,0,0,1312
OH,14,3,2,2,0,0,1,1209
OH,14,3,2,2,0,1,1,875
OH,14,3,2,2,1,0,0,643
OH,14,3,2,2,1,0,1,193
OH,14,3,2,2,1,1,0,283
OH,14,3,2,2,2,0,0,2419
OH,14,3,2,2,2,0,1,2110
OH,14,3,2,2,2,1,1,901
OH,14,3,2,3,0,0,0,7668
OH,14,3,2,3,0,0,1,25834
OH,14,3,2,3,0,1,0,3757
OH,14,3,2,3,0,1,1,8414
OH,14,3,2,3,0,2,1,1853
OH,14,3,2,3,0,3,0,49
OH,14,3,2,3,1,0,0,9263
OH,14,3,2,3,1,0,1,11245
OH,14,3,2,3,1,1,1,6664
OH,14,3,2,3,1,2,0,1158
OH,14,3,2,3,1,2,1,1158
OH,14,3,2,3,1,3,1,335
OH,14,3,2,3,2,0,0,5506
OH,14,3,2,3,2,0,1,8337
OH,14,3,2,3,2,1,0,5326
OH,14,3,2,3,2,1,1,4915
OH,14,3,2,4,0,0,0,7282
OH,14,3,2,4,0,0,1,14409
OH,14,3,2,4,0,1,0,3242
OH,14,3,2,4,0,1,1,13792
OH,14,3,2,4,0,2,1,2367
OH,14,3,2,4,0,3,1,849
OH,14,3,2,4,1,0,0,6639
OH,14,3,2,4,1,0,1,5764
OH,14,3,2,4,1,1,0,978
OH,14,3,2,4,1,1,1,6870
OH,14,3,2,4,1,2,1,2830
OH,14,3,2,4,1,3,1,180
OH,14,3,2,4,2,0,0,540
OH,14,3,2,4,2,0,1,2779
OH,14,3,2,4,2,1,0,250
OH,14,3,2,4,2,1,1,3885
OH,14,3,2,4,2,2,0,695
OH,14,3,2,4,2,2,1,126
OH,14,3,2,4,2,3,0,1132
OH,14,3,2,5,0,0,0,2856
OH,14,3,2,5,0,0,1,14538
OH,14,3,2,5,0,1,0,2470
OH,14,3,2,5,0,1,1,24367
OH,14,3,2,5,0,2,1,2444
OH,14,3,2,5,0,3,1,103
OH,14,3,2,5,1,0,0,1441
OH,14,3,2,5,1,0,1,4117
OH,14,3,2,5,1,1,0,412
OH,14,3,2,5,1,1,1,7874
OH,14,3,2,5,1,2,1,695
OH,14,3,2,5,1,3,1,2033
OH,14,3,2,5,2,0,0,1570
OH,14,3,2,5,2,0,1,1338
OH,14,3,2,5,2,1,0,489
OH,14,3,2,5,2,1,1,229
OH,14,4,1,2,0,3,1,600
OH,14,4,1,2,2,1,1,4097
OH,14,4,1,3,0,0,1,425
OH,14,4,1,3,0,1,1,2293
OH,14,4,1,3,1,0,0,497
OH,14,4,1,3,1,0,1,5479
OH,14,4,1,3,1,2,0,164
OH,14,4,1,3,2,0,0,2293
OH,14,4,1,3,2,1,0,253
OH,14,4,1,3,2,1,1,1327
OH,14,4,1,3,2,2,1,2456
OH,14,4,1,4,0,0,1,1609
OH,14,4,1,4,0,1,1,738
OH,14,4,1,4,1,0,1,2100
OH,14,4,1,4,2,1,0,1198
OH,14,4,1,5,0,1,1,2609
OH,14,4,1,5,1,0,0,534
OH,14,4,1,5,1,0,1,55
OH,14,4,2,1,2,0,1,376
OH,14,4,2,3,0,0,0,529
OH,14,4,2,3,0,0,1,1795
OH,14,4,2,3,0,1,0,96
OH,14,4,2,3,0,3,0,4228
OH,14,4,2,3,1,0,0,5704
OH,14,4,2,3,1,2,1,3260
OH,14,4,2,3,2,0,1,1185
OH,14,4,2,3,2,3,0,1674
OH,14,4,2,4,0,0,1,10397
OH,14,4,2,4,0,1,1,156
OH,14,4,2,4,2,1,1,585
OH,14,4,2,5,0,0,1,1916
OH,14,4,2,5,0,1,1,883
OH,14,4,2,5,1,0,0,1064
OH,14,4,2,5,1,0,1,656
OH,14,4,2,5,1,1,1,972
OH,14,2,1,4,1,1,1,4620
OH,14,2,1,5,0,1,1,3493
OH,14,2,1,5,1,0,1,754
OH,14,2,1,5,2,0,1,634
OH,14,2,1,5,2,3,1,540
OH,14,2,2,3,0,1,1,1866
OH,14,2,2,3,1,1,1,3120
OH,14,2,2,4,0,0,1,4209
OH,14,2,2,4,1,0,1,974
OH,14,5,1,3,0,1,1,472
OH,14,5,1,3,1,1,1,1143
OH,14,5,1,3,2,0,1,3122
OH,14,5,1,3,2,1,1,1037
OH,14,5,1,4,0,0,0,266
OH,14,5,1,4,0,1,1,473
OH,14,5,1,4,1,0,1,978
OH,14,5,1,4,2,0,0,254
OH,14,5,1,4,2,1,1,500
OH,14,5,1,5,0,0,1,437
OH,14,5,1,5,0,1,0,198
OH,14,5,1,5,1,0,1,635
OH,14,5,1,5,1,3,0,390
OH,14,5,2,3,0,0,0,745
OH,14,5,2,3,0,0,1,1970
OH,14,5,2,3,1,0,1,3139
OH,14,5,2,3,2,0,0,455
OH,14,5,2,3,2,0,1,2023
OH,14,5,2,5,0,0,1,2238
OH,14,5,2,5,1,0,0,396
OH,15,3,1,1,1,0,0,502
OH,15,3,1,2,0,0,0,153
OH,15,3,1,2,0,1,0,1230
OH,15,3,1,2,1,0,0,4644
OH,15,3,1,2,1,0,1,3514
OH,15,3,1,2,2,0,0,7707
OH,15,3,1,2,2,0,1,1004
OH,15,3,1,3,0,0,0,5171
OH,15,3,1,3,0,0,1,12702
OH,15,3,1,3,0,1,0,929
OH,15,3,1,3,0,1,1,8460
OH,15,3,1,3,0,2,1,602
OH,15,3,1,3,0,3,0,477
OH,15,3,1,3,0,3,1,1381
OH,15,3,1,3,1,0,0,8008
OH,15,3,1,3,1,0,1,6527
OH,15,3,1,3,1,1,0,3791
OH,15,3,1,3,1,1,1,11799
OH,15,3,1,3,1,2,1,1531
OH,15,3,1,3,1,3,0,1632
OH,15,3,1,3,1,3,1,703
OH,15,3,1,3,2,0,0,1481
OH,15,3,1,3,2,0,1,3038
OH,15,3,1,3,2,1,0,4192
OH,15,3,1,3,2,1,1,2410
OH,15,3,1,3,2,2,1,326
OH,15,3,1,3,2,3,0,2360
OH,15,3,1,3,2,3,1,552
OH,15,3,1,4,0,0,0,8485
OH,15,3,1,4,0,0,1,16518
OH,15,3,1,4,0,1,1,10016
OH,15,3,1,4,0,2,1,2661
OH,15,3,1,4,0,3,1,251
OH,15,3,1,4,1,0,0,5046
OH,15,3,1,4,1,0,1,5698
OH,15,3,1,4,1,1,0,4745
OH,15,3,1,4,1,1,1,15137
OH,15,3,1,4,1,2,1,276
OH,15,3,1,4,1,3,1,5698
OH,15,3,1,4,2,0,1,2535
OH,15,3,1,4,2,1,0,3690
OH,15,3,1,4,2,1,1,1556
OH,15,3,1,4,2,2,0,1607
OH,15,3,1,4,2,3,1,929
OH,15,3,1,5,0,0,0,4669
OH,15,3,1,5,0,0,1,10418
OH,15,3,1,5,0,1,0,602
OH,15,3,1,5,0,1,1,21263
OH,15,3,1,5,0,2,0,178
OH,15,3,1,5,0,2,1,1682
OH,15,3,1,5,0,3,1,2410
OH,15,3,1,5,1,0,0,2058
OH,15,3,1,5,1,0,1,9891
OH,15,3,1,5,1,1,0,577
OH,15,3,1,5,1,1,1,7029
OH,15,3,1,5,1,2,1,2234
OH,15,3,1,5,1,3,0,351
OH,15,3,1,5,1,3,1,2335
OH,15,3,1,5,2,0,0,653
OH,15,3,1,5,2,0,1,276
OH,15,3,1,5,2,1,0,156
OH,15,3,1,5,2,1,1,2134
OH,15,3,1,5,2,2,0,577
OH,15,3,2,1,2,1,0,482
OH,15,3,2,2,0,0,0,2495
OH,15,3,2,2,0,0,1,2410
OH,15,3,2,2,0,1,1,369
OH,15,3,2,2,1,0,0,3403
OH,15,3,2,2,1,0,1,652
OH,15,3,2,2,2,0,0,238
OH,15,3,2,2,2,0,1,1390
OH,15,3,2,3,0,0,0,22317
OH,15,3,2,3,0,0,1,16135
OH,15,3,2,3,0,1,0,4963
OH,15,3,2,3,0,1,1,11116
OH,15,3,2,3,0,2,1,539
OH,15,3,2,3,1,0,0,9471
OH,15,3,2,3,1,0,1,15256
OH,15,3,2,3,1,1,0,1985
OH,15,3,2,3,1,1,1,4934
OH,15,3,2,3,1,3,0,1163
OH,15,3,2,3,1,3,1,2127
OH,15,3,2,3,2,0,0,4906
OH,15,3,2,3,2,0,1,5189
OH,15,3,2,3,2,1,1,964
OH,15,3,2,3,2,3,0,567
OH,15,3,2,4,0,0,0,14831
OH,15,3,2,4,0,0,1,14944
OH,15,3,2,4,0,1,0,1730
OH,15,3,2,4,0,1,1,11286
OH,15,3,2,4,0,2,0,539
OH,15,3,2,4,0,2,1,1248
OH,15,3,2,4,1,0,0,6721
OH,15,3,2,4,1,0,1,9471
OH,15,3,2,4,1,1,0,3460
OH,15,3,2,4,1,1,1,7118
OH,15,3,2,4,1,2,1,173
OH,15,3,2,4,1,3,1,4225
OH,15,3,2,4,2,0,0,3573
OH,15,3,2,4,2,0,1,2609
OH,15,3,2,4,2,1,0,190
OH,15,3,2,4,2,1,1,4934
OH,15,3,2,5,0,0,0,3942
OH,15,3,2,5,0,0,1,13640
OH,15,3,2,5,0,1,0,2637
OH,15,3,2,5,0,1,1,25607
OH,15,3,2,5,0,2,0,153
OH,15,3,2,5,0,2,1,2212
OH,15,3,2,5,1,0,0,4367
OH,15,3,2,5,1,0,1,9273
OH,15,3,2,5,1,1,0,1049
OH,15,3,2,5,1,1,1,11797
OH,15,3,2,5,1,2,1,2042
OH,15,3,2,5,1,3,0,145
OH,15,3,2,5,2,0,0,125
OH,15,3,2,5,2,0,1,2070
OH,15,3,2,5,2,1,0,2722
OH,15,3,2,5,2,1,1,1560
OH,15,3,2,5,2,3,0,116
OH,15,4,1,2,1,0,0,364
OH,15,4,1,3,0,0,0,967
OH,15,4,1,3,0,1,1,450
OH,15,4,1,3,1,0,1,1446
OH,15,4,1,3,1,1,0,4537
OH,15,4,1,3,2,1,1,877
OH,15,4,1,3,2,3,1,482
OH,15,4,1,4,0,0,1,4537
OH,15,4,1,4,1,0,0,935
OH,15,4,1,4,1,0,1,1556
OH,15,4,1,4,1,1,1,3403
OH,15,4,1,4,1,3,1,2453
OH,15,4,1,5,0,0,1,2756
OH,15,4,1,5,1,1,0,2823
OH,15,4,1,5,1,2,1,1273
OH,15,4,2,2,1,0,0,101
OH,15,4,2,2,2,1,1,848
OH,15,4,2,3,0,0,0,2133
OH,15,4,2,3,0,2,0,5129
OH,15,4,2,3,1,1,0,1568
OH,15,4,2,3,2,0,1,669
OH,15,4,2,3,2,1,0,720
OH,15,4,2,4,0,0,0,876
OH,15,4,2,4,0,0,1,9838
OH,15,4,2,4,0,1,1,2284
OH,15,4,2,4,1,0,0,771
OH,15,4,2,4,1,0,1,4195
OH,15,4,2,4,2,1,0,163
OH,15,4,2,5,0,0,0,3713
OH,15,4,2,5,0,0,1,3522
OH,15,4,2,5,0,1,1,603
OH,15,4,2,5,0,2,1,615
OH,15,4,2,5,1,0,0,152
OH,15,4,2,5,1,0,1,288
OH,15,4,2,5,1,1,1,728
OH,15,2,1,2,0,0,1,8341
OH,15,2,2,3,0,0,0,8906
OH,15,5,1,1,1,0,0,354
OH,15,5,1,2,0,1,1,1016
OH,15,5,1,3,1,0,0,347
OH,15,5,1,4,0,0,0,592
OH,15,5,1,4,0,0,1,171
OH,15,5,1,4,1,0,1,332
OH,15,5,1,5,0,0,1,1178
OH,15,5,1,5,0,1,1,1613
OH,15,5,1,5,1,0,1,555
OH,15,5,1,5,1,1,1,203
OH,15,5,1,5,1,2,1,1185
OH,15,5,1,5,2,0,1,666
OH,15,5,1,5,2,1,1,87
OH,15,5,2,2,0,1,0,6361
OH,15,5,2,4,0,0,0,893
OH,15,5,2,4,0,0,1,625
OH,15,5,2,4,1,0,0,1189
OH,15,5,2,4,1,0,1,213
OH,15,5,2,5,0,0,0,79
OH,15,5,2,5,0,0,1,255
OH,15,5,2,5,1,1,1,78
OH,16,3,1,1,1,0,1,117
OH,16,3,1,1,2,0,0,4885
OH,16,3,1,2,0,0,1,695
OH,16,3,1,2,0,1,0,803
OH,16,3,1,2,1,0,0,3105
OH,16,3,1,2,1,0,1,4646
OH,16,3,1,2,2,0,0,326
OH,16,3,1,2,2,0,1,3865
OH,16,3,1,3,0,0,0,14938
OH,16,3,1,3,0,0,1,6492
OH,16,3,1,3,0,1,1,3582
OH,16,3,1,3,0,2,1,326
OH,16,3,1,3,1,0,0,7078
OH,16,3,1,3,1,0,1,16219
OH,16,3,1,3,1,1,0,760
OH,16,3,1,3,1,1,1,8359
OH,16,3,1,3,1,2,0,565
OH,16,3,1,3,1,2,1,651
OH,16,3,1,3,1,3,1,3235
OH,16,3,1,3,2,0,0,1802
OH,16,3,1,3,2,0,1,304
OH,16,3,1,3,2,1,0,478
OH,16,3,1,3,2,1,1,391
OH,16,3,1,3,2,3,1,2345
OH,16,3,1,4,0,0,0,2453
OH,16,3,1,4,0,0,1,7664
OH,16,3,1,4,0,1,0,2692
OH,16,3,1,4,0,1,1,2519
OH,16,3,1,4,0,2,1,1064
OH,16,3,1,4,0,3,0,1064
OH,16,3,1,4,1,0,0,8250
OH,16,3,1,4,1,0,1,16783
OH,16,3,1,4,1,1,0,347
OH,16,3,1,4,1,1,1,3626
OH,16,3,1,4,1,2,1,586
OH,16,3,1,4,1,3,0,456
OH,16,3,1,4,1,3,1,3192
OH,16,3,1,4,2,0,0,2149
OH,16,3,1,4,2,0,1,4516
OH,16,3,1,4,2,1,1,803
OH,16,3,1,4,2,3,1,1107
OH,16,3,1,5,0,0,0,3061
OH,16,3,1,5,0,0,1,9770
OH,16,3,1,5,0,1,0,9054
OH,16,3,1,5,0,1,1,16284
OH,16,3,1,5,0,2,1,1107
OH,16,3,1,5,0,3,1,3192
OH,16,3,1,5,1,0,0,2627
OH,16,3,1,5,1,0,1,4038
OH,16,3,1,5,1,1,0,1694
OH,16,3,1,5,1,1,1,11442
OH,16,3,1,5,1,2,0,1715
OH,16,3,1,5,1,2,1,868
OH,16,3,1,5,1,3,1,1628
OH,16,3,1,5,2,0,0,478
OH,16,3,1,5,2,0,1,1324
OH,16,3,1,5,2,1,0,369
OH,16,3,1,5,2,1,1,413
OH,16,3,1,5,2,3,1,2823
OH,16,3,2,1,0,0,0,111
OH,16,3,2,1,0,0,1,608
OH,16,3,2,2,0,0,0,1031
OH,16,3,2,2,0,0,1,1110
OH,16,3,2,2,0,1,1,3437
OH,16,3,2,2,1,0,0,4706
OH,16,3,2,2,1,0,1,5764
OH,16,3,2,2,2,1,0,2247
OH,16,3,2,3,0,0,0,20491
OH,16,3,2,3,0,0,1,35695
OH,16,3,2,3,0,1,0,476
OH,16,3,2,3,0,1,1,6716
OH,16,3,2,3,1,0,0,13590
OH,16,3,2,3,1,0,1,13035
OH,16,3,2,3,1,1,0,2168
OH,16,3,2,3,1,1,1,4786
OH,16,3,2,3,1,2,0,635
OH,16,3,2,3,1,3,0,1216
OH,16,3,2,3,1,3,1,529
OH,16,3,2,3,2,0,0,873
OH,16,3,2,3,2,0,1,2908
OH,16,3,2,3,2,1,1,635
OH,16,3,2,4,0,0,0,11766
OH,16,3,2,4,0,0,1,22131
OH,16,3,2,4,0,1,0,6319
OH,16,3,2,4,0,1,1,9889
OH,16,3,2,4,0,2,1,1058
OH,16,3,2,4,1,0,0,1481
OH,16,3,2,4,1,0,1,10603
OH,16,3,2,4,1,1,0,2750
OH,16,3,2,4,1,1,1,12189
OH,16,3,2,4,1,2,0,370
OH,16,3,2,4,1,2,1,71
OH,16,3,2,4,1,3,0,1904
OH,16,3,2,4,2,0,0,4495
OH,16,3,2,4,2,0,1,1877
OH,16,3,2,5,0,0,0,7192
OH,16,3,2,5,0,0,1,11925
OH,16,3,2,5,0,1,0,2750
OH,16,3,2,5,0,1,1,14172
OH,16,3,2,5,0,2,1,608
OH,16,3,2,5,0,3,1,317
OH,16,3,2,5,1,0,0,1586
OH,16,3,2,5,1,0,1,6028
OH,16,3,2,5,1,1,0,1005
OH,16,3,2,5,1,1,1,5024
OH,16,3,2,5,1,2,1,45
OH,16,3,2,5,1,3,0,26
OH,16,3,2,5,1,3,1,238
OH,16,3,2,5,2,0,0,1296
OH,16,3,2,5,2,0,1,124
OH,16,3,2,5,2,1,1,2406
OH,16,4,1,3,1,0,1,1623
OH,16,4,1,3,1,1,1,6483
OH,16,4,1,3,1,2,1,484
OH,16,4,1,4,0,0,1,4172
OH,16,4,1,4,0,1,1,1636
OH,16,4,1,4,1,0,1,2663
OH,16,4,1,4,1,1,1,2429
OH,16,4,1,5,0,1,1,3181
OH,16,4,1,5,1,1,1,4197
OH,16,4,2,1,1,1,1,629
OH,16,4,2,2,0,0,0,6755
OH,16,4,2,3,0,0,0,2750
OH,16,4,2,3,0,0,1,5132
OH,16,4,2,3,1,0,1,3020
OH,16,4,2,4,0,0,0,3930
OH,16,4,2,4,1,0,0,2533
OH,16,4,2,4,1,0,1,2398
OH,16,4,2,4,1,1,1,1701
OH,16,4,2,5,0,0,1,5061
OH,16,4,2,5,0,1,0,1540
OH,16,4,2,5,1,1,1,251
OH,16,4,2,5,1,3,1,1761
OH,16,2,1,3,1,0,1,4906
OH,16,2,1,3,1,3,1,1294
OH,16,2,2,4,0,1,0,2459
OH,16,2,2,5,0,1,1,4625
OH,16,5,1,3,1,0,1,677
OH,16,5,1,3,1,1,0,501
OH,16,5,1,3,1,1,1,519
OH,16,5,1,4,2,1,1,120
OH,16,5,1,5,0,0,0,25
OH,16,5,1,5,0,0,1,114
OH,16,5,1,5,0,1,1,333
OH,16,5,1,5,1,0,0,1279
OH,16,5,1,5,1,0,1,757
OH,16,5,1,5,1,1,1,763
OH,16,5,1,5,2,0,1,950
OH,16,5,2,2,2,0,1,1971
OH,16,5,2,3,0,0,0,293
OH,16,5,2,3,1,0,0,1717
OH,16,5,2,3,2,0,1,1559
OH,16,5,2,4,0,3,1,317
OH,16,5,2,4,1,0,1,383
OH,16,5,2,5,0,0,1,987
OH,16,5,2,5,1,0,1,278
OH,17,3,1,1,0,0,0,4872
OH,17,3,1,1,0,0,1,1206
OH,17,3,1,1,1,0,0,812
OH,17,3,1,1,1,0,1,344
OH,17,3,1,1,1,1,0,3691
OH,17,3,1,1,1,2,1,1107
OH,17,3,1,2,0,0,1,3961
OH,17,3,1,2,1,0,0,2510
OH,17,3,1,2,1,0,1,4035
OH,17,3,1,2,1,1,1,295
OH,17,3,1,2,2,0,1,2387
OH,17,3,1,3,0,0,0,18404
OH,17,3,1,3,0,0,1,12819
OH,17,3,1,3,0,1,0,1132
OH,17,3,1,3,0,1,1,369
OH,17,3,1,3,0,2,0,1156
OH,17,3,1,3,0,3,0,566
OH,17,3,1,3,0,3,1,271
OH,17,3,1,3,1,0,0,6496
OH,17,3,1,3,1,0,1,12475
OH,17,3,1,3,1,1,0,13557
OH,17,3,1,3,1,1,1,9325
OH,17,3,1,3,1,2,1,2780
OH,17,3,1,3,1,3,0,1870
OH,17,3,1,3,1,3,1,443
OH,17,3,1,3,2,0,0,960
OH,17,3,1,3,2,0,1,3100
OH,17,3,1,3,2,2,0,443
OH,17,3,1,4,0,0,0,7652
OH,17,3,1,4,0,0,1,4183
OH,17,3,1,4,0,1,0,689
OH,17,3,1,4,0,1,1,9842
OH,17,3,1,4,0,3,1,369
OH,17,3,1,4,1,0,0,2214
OH,17,3,1,4,1,0,1,11171
OH,17,3,1,4,1,1,0,2510
OH,17,3,1,4,1,1,1,9276
OH,17,3,1,4,1,2,1,2756
OH,17,3,1,4,1,3,0,418
OH,17,3,1,4,1,3,1,1821
OH,17,3,1,4,2,1,1,2953
OH,17,3,1,4,2,2,0,664
OH,17,3,1,5,0,0,0,5905
OH,17,3,1,5,0,0,1,10162
OH,17,3,1,5,0,1,0,6668
OH,17,3,1,5,0,1,1,16264
OH,17,3,1,5,0,2,0,1476
OH,17,3,1,5,0,2,1,591
OH,17,3,1,5,0,3,0,111
OH,17,3,1,5,0,3,1,2018
OH,17,3,1,5,1,0,0,3494
OH,17,3,1,5,1,0,1,11343
OH,17,3,1,5,1,1,0,1255
OH,17,3,1,5,1,1,1,10432
OH,17,3,1,5,1,2,0,492
OH,17,3,1,5,1,2,1,3715
OH,17,3,1,5,1,3,0,369
OH,17,3,1,5,1,3,1,2879
OH,17,3,1,5,2,0,1,187
OH,17,3,1,5,2,1,0,69
OH,17,3,1,5,2,1,1,689
OH,17,3,2,1,0,0,0,1109
OH,17,3,2,1,0,0,1,1146
OH,17,3,2,2,0,0,0,13786
OH,17,3,2,2,0,0,1,12603
OH,17,3,2,2,0,1,0,444
OH,17,3,2,2,1,0,0,3363
OH,17,3,2,2,1,0,1,8463
OH,17,3,2,2,1,1,0,2698
OH,17,3,2,2,1,1,1,739
OH,17,3,2,2,1,2,1,370
OH,17,3,2,2,2,0,1,1331
OH,17,3,2,3,0,0,0,61721
OH,17,3,2,3,0,0,1,42244
OH,17,3,2,3,0,1,0,5766
OH,17,3,2,3,0,1,1,15929
OH,17,3,2,3,0,2,1,1700
OH,17,3,2,3,1,0,0,17962
OH,17,3,2,3,1,0,1,21399
OH,17,3,2,3,1,1,0,9350
OH,17,3,2,3,1,1,1,7170
OH,17,3,2,3,1,2,0,2070
OH,17,3,2,3,1,2,1,1626
OH,17,3,2,3,1,3,1,1257
OH,17,3,2,3,2,0,0,2476
OH,17,3,2,3,2,0,1,1294
OH,17,3,2,3,2,1,1,148
OH,17,3,2,4,0,0,0,16299
OH,17,3,2,4,0,0,1,11901
OH,17,3,2,4,0,1,0,2033
OH,17,3,2,4,0,1,1,9942
OH,17,3,2,4,0,2,1,2957
OH,17,3,2,4,0,3,1,2070
OH,17,3,2,4,1,0,0,6874
OH,17,3,2,4,1,0,1,9831
OH,17,3,2,4,1,1,0,366
OH,17,3,2,4,1,1,1,11531
OH,17,3,2,4,1,2,1,3770
OH,17,3,2,4,1,3,0,628
OH,17,3,2,4,1,3,1,370
OH,17,3,2,4,2,0,0,407
OH,17,3,2,4,2,0,1,1626
OH,17,3,2,5,0,0,0,3696
OH,17,3,2,5,0,0,1,14488
OH,17,3,2,5,0,1,0,1737
OH,17,3,2,5,0,1,1,8168
OH,17,3,2,5,0,2,1,192
OH,17,3,2,5,1,0,0,1959
OH,17,3,2,5,1,0,1,4213
OH,17,3,2,5,1,1,0,3585
OH,17,3,2,5,1,1,1,9387
OH,17,3,2,5,1,2,0,152
OH,17,3,2,5,1,2,1,1996
OH,17,3,2,5,1,3,1,1257
OH,17,4,1,1,1,0,1,581
OH,17,4,1,2,1,0,1,10675
OH,17,4,1,3,0,0,0,1164
OH,17,4,1,3,0,0,1,2627
OH,17,4,1,3,1,1,0,820
OH,17,4,1,3,1,1,1,883
OH,17,4,1,4,0,0,1,2222
OH,17,4,1,4,0,1,0,4224
OH,17,4,1,5,0,1,1,1730
OH,17,4,1,5,1,1,0,563
OH,17,4,1,5,1,1,1,1990
OH,17,4,1,5,1,3,0,2145
OH,17,4,2,1,1,0,1,5044
OH,17,4,2,2,0,0,0,11852
OH,17,4,2,2,1,0,1,814
OH,17,4,2,2,1,1,1,9808
OH,17,4,2,3,0,0,0,5929
OH,17,4,2,3,0,0,1,1012
OH,17,4,2,3,1,0,0,707
OH,17,4,2,4,0,0,1,1551
OH,17,4,2,4,0,1,1,402
OH,17,4,2,4,1,0,0,6188
OH,17,4,2,4,1,1,1,544
OH,17,4,2,4,2,0,0,1754
OH,17,4,2,4,2,1,1,732
OH,17,4,2,5,0,0,1,437
OH,17,4,2,5,1,0,0,427
OH,17,4,2,5,1,0,1,3656
OH,17,2,2,5,0,0,1,10627
OH,17,5,1,1,0,0,0,483
OH,17,5,1,2,0,1,1,1001
OH,17,5,1,3,0,0,0,312
OH,17,5,1,3,1,0,0,1960
OH,17,5,1,3,1,1,0,265
OH,17,5,1,4,0,0,1,263
OH,17,5,1,5,0,0,0,1195
OH,17,5,1,5,0,0,1,1130
OH,17,5,1,5,0,1,0,94
OH,17,5,1,5,0,1,1,2073
OH,17,5,1,5,1,1,1,265
OH,17,5,2,2,1,1,1,1518
OH,17,5,2,3,0,0,0,2878
OH,17,5,2,3,0,0,1,672
OH,17,5,2,3,0,1,1,1419
OH,17,5,2,3,1,0,1,2762
OH,17,5,2,3,2,0,0,2484
OH,17,5,2,4,0,0,0,619
OH,17,5,2,4,0,0,1,541
OH,17,5,2,4,1,1,0,116
OH,17,5,2,5,0,1,1,105
OH,17,5,2,5,1,2,1,401
